2026-01-22 21:39:34,272 - INFO - ============================================================
2026-01-22 21:39:34,273 - INFO - XLSX Converter Service (xlsx-converter) 启动
2026-01-22 21:39:34,274 - INFO - ============================================================
2026-01-22 21:39:34,275 - INFO - 源目录: E:\workspace\OrderAutoGeneration\docs\sourceData
2026-01-22 21:39:34,276 - INFO - 目标目录: E:\workspace\OrderAutoGeneration\docs\convertedData
2026-01-22 21:39:34,277 - INFO - 模式: 递归扫描所有子目录，保持文件夹结构，转换后删除原文件
2026-01-22 21:39:34,277 - INFO - 监控间隔: 10 秒
2026-01-22 21:39:34,278 - INFO - 程序运行中，按Ctrl+C 停止...
2026-01-22 21:39:34,278 - INFO - 
2026-01-22 21:39:34,287 - INFO - 发现 2 个xlsx文件
2026-01-22 21:39:34,288 - INFO - 开始转换文件: LG-Le\Orders\LG-LｅCeralia瑜伽裤）-2Jan22th_tracking_cost1_order_.xlsx
2026-01-22 21:39:35,196 - INFO -   发现 1 个sheet
2026-01-22 21:39:35,471 - INFO -   已添加SKU_Quotation列（从'商品SKU'列提取，位于SKU列右边）
2026-01-22 21:39:36,035 - INFO -   已添加QTY_Merged列（按Order#和SKU_Quotation分组累加QTY，位于QTY列右边）
2026-01-22 21:39:36,037 - INFO -   查找报价表文件，目录: E:\workspace\OrderAutoGeneration\docs\convertedData\LG-Le\Quotation
2026-01-22 21:39:36,038 - INFO -   目录是否存在: True
2026-01-22 21:39:36,039 - INFO -   目录下所有CSV文件: ['LG-le_docteur_2026121号__瑜伽裤报价新_upsell_报价表.csv', 'LG-le_docteur_2026121号__瑜伽裤报价新_找货表.csv', 'LG-le_docteur_2026121号__瑜伽裤报价新_瑜伽裤报价表.csv']
2026-01-22 21:39:36,040 - INFO -   匹配'*报价表.csv'的文件: ['LG-le_docteur_2026121号__瑜伽裤报价新_upsell_报价表.csv', 'LG-le_docteur_2026121号__瑜伽裤报价新_瑜伽裤报价表.csv']
2026-01-22 21:39:36,040 - INFO -   过滤后（不含upsell）的报价表文件: ['LG-le_docteur_2026121号__瑜伽裤报价新_瑜伽裤报价表.csv']
2026-01-22 21:39:36,046 - INFO -   已加载报价表文件: LG-le_docteur_2026121号__瑜伽裤报价新_瑜伽裤报价表.csv (共25行)
2026-01-22 21:39:36,048 - INFO -   匹配upsell报价表文件: ['LG-le_docteur_2026121号__瑜伽裤报价新_upsell_报价表.csv']
2026-01-22 21:39:36,053 - INFO -   已加载upsell报价表文件: LG-le_docteur_2026121号__瑜伽裤报价新_upsell_报价表.csv (共25行)
2026-01-22 21:39:37,608 - INFO -   已添加sum行，公式: =SUM(F2:F293)+SUM(G2:G293)
2026-01-22 21:39:37,608 - INFO -   已添加cost和upsell列（位于Country列左边），并在最后一行添加sum行（使用公式计算）
2026-01-22 21:39:38,538 - INFO -   已保存为Excel格式（支持货币格式和公式）
2026-01-22 21:39:38,539 - INFO -   ✓ 已转换: LG-Le\Orders\LG-LｅCeralia瑜伽裤）-2Jan22th_tracking_cost1_order__order_.xlsx (292 行, 19 列)
2026-01-22 21:39:38,722 - INFO - ✓ 已删除原文件: LG-Le\Orders\LG-LｅCeralia瑜伽裤）-2Jan22th_tracking_cost1_order_.xlsx
2026-01-22 21:39:38,722 - INFO - ✓ 文件转换完成并已删除: LG-Le\Orders\LG-LｅCeralia瑜伽裤）-2Jan22th_tracking_cost1_order_.xlsx -> 1 个CSV文件
2026-01-22 21:39:38,723 - WARNING - 文件不存在: E:\workspace\OrderAutoGeneration\docs\sourceData\LG-Le\Orders\LG-LｅCeralia瑜伽裤）-2Jan22th_tracking_cost1_order_.xlsx
2026-01-22 21:41:35,928 - INFO - ============================================================
2026-01-22 21:41:35,928 - INFO - XLSX Converter Service (xlsx-converter) 启动
2026-01-22 21:41:35,929 - INFO - ============================================================
2026-01-22 21:41:35,929 - INFO - 源目录: E:\workspace\OrderAutoGeneration\docs\sourceData
2026-01-22 21:41:35,930 - INFO - 目标目录: E:\workspace\OrderAutoGeneration\docs\convertedData
2026-01-22 21:41:35,931 - INFO - 模式: 递归扫描所有子目录，保持文件夹结构，转换后删除原文件
2026-01-22 21:41:35,931 - INFO - 监控间隔: 10 秒
2026-01-22 21:41:35,931 - INFO - 程序运行中，按Ctrl+C 停止...
2026-01-22 21:41:35,931 - INFO - 
2026-01-22 21:44:10,954 - INFO - ============================================================
2026-01-22 21:44:10,954 - INFO - XLSX Converter Service (xlsx-converter) 启动
2026-01-22 21:44:10,955 - INFO - ============================================================
2026-01-22 21:44:10,956 - INFO - 源目录: E:\workspace\OrderAutoGeneration\docs\sourceData
2026-01-22 21:44:10,956 - INFO - 目标目录: E:\workspace\OrderAutoGeneration\docs\convertedData
2026-01-22 21:44:10,956 - INFO - 模式: 递归扫描所有子目录，保持文件夹结构，转换后删除原文件
2026-01-22 21:44:10,956 - INFO - 监控间隔: 10 秒
2026-01-22 21:44:10,957 - INFO - 程序运行中，按Ctrl+C 停止...
2026-01-22 21:44:10,957 - INFO - 
2026-01-22 21:44:48,348 - INFO - ============================================================
2026-01-22 21:44:48,348 - INFO - XLSX Converter Service (xlsx-converter) 启动
2026-01-22 21:44:48,348 - INFO - ============================================================
2026-01-22 21:44:48,349 - INFO - 源目录: E:\workspace\OrderAutoGeneration\docs\sourceData
2026-01-22 21:44:48,349 - INFO - 目标目录: E:\workspace\OrderAutoGeneration\docs\convertedData
2026-01-22 21:44:48,349 - INFO - 模式: 递归扫描所有子目录，保持文件夹结构，转换后删除原文件
2026-01-22 21:44:48,349 - INFO - 监控间隔: 10 秒
2026-01-22 21:44:48,349 - INFO - 程序运行中，按Ctrl+C 停止...
2026-01-22 21:44:48,349 - INFO - 
2026-01-22 21:46:18,399 - INFO - 发现 4 个xlsx文件
2026-01-22 21:46:18,399 - INFO - 开始转换文件: LG-Le\Orders\LG-LｅCeralia瑜伽裤）-2Jan22th_tracking_cost1_order__order_.xlsx
2026-01-22 21:46:18,867 - INFO -   发现 1 个sheet
2026-01-22 21:46:18,986 - INFO -   已添加SKU_Quotation列（从'商品SKU'列提取，位于SKU列右边）
2026-01-22 21:46:19,097 - INFO -   已添加QTY_Merged列（按Order#和SKU_Quotation分组累加QTY，位于QTY列右边）
2026-01-22 21:46:19,097 - INFO -   查找报价表文件，目录: E:\workspace\OrderAutoGeneration\docs\convertedData\LG-Le\Quotation
2026-01-22 21:46:19,098 - INFO -   目录是否存在: True
2026-01-22 21:46:19,098 - INFO -   目录下所有CSV文件: ['LG-le_docteur_2026121号__瑜伽裤报价新_upsell_报价表.csv', 'LG-le_docteur_2026121号__瑜伽裤报价新_找货表.csv', 'LG-le_docteur_2026121号__瑜伽裤报价新_瑜伽裤报价表.csv']
2026-01-22 21:46:19,099 - INFO -   匹配'*报价表.csv'的文件: ['LG-le_docteur_2026121号__瑜伽裤报价新_upsell_报价表.csv', 'LG-le_docteur_2026121号__瑜伽裤报价新_瑜伽裤报价表.csv']
2026-01-22 21:46:19,099 - INFO -   过滤后（不含upsell）的报价表文件: ['LG-le_docteur_2026121号__瑜伽裤报价新_瑜伽裤报价表.csv']
2026-01-22 21:46:19,102 - INFO -   已加载报价表文件: LG-le_docteur_2026121号__瑜伽裤报价新_瑜伽裤报价表.csv (共25行)
2026-01-22 21:46:19,103 - INFO -   匹配upsell报价表文件: ['LG-le_docteur_2026121号__瑜伽裤报价新_upsell_报价表.csv']
2026-01-22 21:46:19,106 - INFO -   已加载upsell报价表文件: LG-le_docteur_2026121号__瑜伽裤报价新_upsell_报价表.csv (共25行)
2026-01-22 21:46:19,543 - INFO -   已添加sum行，公式: =SUM(F2:F294)+SUM(G2:G294)
2026-01-22 21:46:19,543 - INFO -   已添加cost和upsell列（位于Country列左边），并在最后一行添加sum行（使用公式计算）
2026-01-22 21:46:19,783 - INFO -   已保存为Excel格式（支持货币格式和公式）
2026-01-22 21:46:19,784 - INFO -   ✓ 已转换: LG-Le\Orders\LG-LｅCeralia瑜伽裤）-2Jan22th_tracking_cost1_order__order__order_.xlsx (293 行, 23 列)
2026-01-22 21:46:19,784 - WARNING - 删除原文件失败（文件可能被占用），0.5秒后重试 (1/5): LG-Le\Orders\LG-LｅCeralia瑜伽裤）-2Jan22th_tracking_cost1_order__order_.xlsx
2026-01-22 21:46:20,285 - WARNING - 删除原文件失败（文件可能被占用），0.5秒后重试 (2/5): LG-Le\Orders\LG-LｅCeralia瑜伽裤）-2Jan22th_tracking_cost1_order__order_.xlsx
2026-01-22 21:46:20,786 - WARNING - 删除原文件失败（文件可能被占用），0.5秒后重试 (3/5): LG-Le\Orders\LG-LｅCeralia瑜伽裤）-2Jan22th_tracking_cost1_order__order_.xlsx
2026-01-22 21:46:21,287 - WARNING - 删除原文件失败（文件可能被占用），0.5秒后重试 (4/5): LG-Le\Orders\LG-LｅCeralia瑜伽裤）-2Jan22th_tracking_cost1_order__order_.xlsx
2026-01-22 21:46:21,788 - ERROR - 删除原文件失败（文件被占用，已重试5次）: LG-Le\Orders\LG-LｅCeralia瑜伽裤）-2Jan22th_tracking_cost1_order__order_.xlsx - [WinError 32] The process cannot access the file because it is being used by another process: 'E:\\workspace\\OrderAutoGeneration\\docs\\sourceData\\LG-Le\\Orders\\LG-LｅCeralia瑜伽裤）-2Jan22th_tracking_cost1_order__order_.xlsx'
2026-01-22 21:46:21,788 - WARNING - ✓ 文件转换完成但删除失败: LG-Le\Orders\LG-LｅCeralia瑜伽裤）-2Jan22th_tracking_cost1_order__order_.xlsx -> 1 个CSV文件
2026-01-22 21:46:21,790 - INFO - 开始转换文件: LG-Le\Orders\~$LG-LｅCeralia瑜伽裤）-2Jan22th_tracking_cost1_order__order_.xlsx
2026-01-22 21:46:21,793 - ERROR - 转换文件时出错LG-Le\Orders\~$LG-LｅCeralia瑜伽裤）-2Jan22th_tracking_cost1_order__order_.xlsx: [Errno 13] Permission denied: 'E:\\workspace\\OrderAutoGeneration\\docs\\sourceData\\LG-Le\\Orders\\~$LG-LｅCeralia瑜伽裤）-2Jan22th_tracking_cost1_order__order_.xlsx'
2026-01-22 21:46:21,794 - INFO - 开始转换文件: LG-Le\Orders\~$LG-LｅCeralia瑜伽裤）-2Jan22th_tracking_cost1_order__order_.xlsx
2026-01-22 21:46:21,797 - ERROR - 转换文件时出错LG-Le\Orders\~$LG-LｅCeralia瑜伽裤）-2Jan22th_tracking_cost1_order__order_.xlsx: [Errno 13] Permission denied: 'E:\\workspace\\OrderAutoGeneration\\docs\\sourceData\\LG-Le\\Orders\\~$LG-LｅCeralia瑜伽裤）-2Jan22th_tracking_cost1_order__order_.xlsx'
2026-01-22 21:46:31,803 - INFO - 发现 4 个xlsx文件
2026-01-22 21:46:31,805 - INFO - 开始转换文件: LG-Le\Orders\~$LG-LｅCeralia瑜伽裤）-2Jan22th_tracking_cost1_order__order_.xlsx
2026-01-22 21:46:31,807 - ERROR - 转换文件时出错LG-Le\Orders\~$LG-LｅCeralia瑜伽裤）-2Jan22th_tracking_cost1_order__order_.xlsx: [Errno 13] Permission denied: 'E:\\workspace\\OrderAutoGeneration\\docs\\sourceData\\LG-Le\\Orders\\~$LG-LｅCeralia瑜伽裤）-2Jan22th_tracking_cost1_order__order_.xlsx'
2026-01-22 21:46:31,808 - INFO - 开始转换文件: LG-Le\Orders\~$LG-LｅCeralia瑜伽裤）-2Jan22th_tracking_cost1_order__order_.xlsx
2026-01-22 21:46:31,810 - ERROR - 转换文件时出错LG-Le\Orders\~$LG-LｅCeralia瑜伽裤）-2Jan22th_tracking_cost1_order__order_.xlsx: [Errno 13] Permission denied: 'E:\\workspace\\OrderAutoGeneration\\docs\\sourceData\\LG-Le\\Orders\\~$LG-LｅCeralia瑜伽裤）-2Jan22th_tracking_cost1_order__order_.xlsx'
2026-01-22 21:46:41,815 - INFO - 发现 2 个xlsx文件
2026-01-22 21:46:41,815 - INFO - 开始转换文件: LG-Le\Orders\LG-LｅCeralia瑜伽裤）-2Jan22th_tracking_cost1_order__order_.xlsx
2026-01-22 21:46:41,850 - INFO -   发现 1 个sheet
2026-01-22 21:46:41,907 - INFO -   覆盖已存在的文件: LG-Le\Orders\LG-LｅCeralia瑜伽裤）-2Jan22th_tracking_cost1_order__order__order_.xlsx
2026-01-22 21:46:41,952 - INFO -   已添加SKU_Quotation列（从'商品SKU'列提取，位于SKU列右边）
2026-01-22 21:46:42,064 - INFO -   已添加QTY_Merged列（按Order#和SKU_Quotation分组累加QTY，位于QTY列右边）
2026-01-22 21:46:42,065 - INFO -   查找报价表文件，目录: E:\workspace\OrderAutoGeneration\docs\convertedData\LG-Le\Quotation
2026-01-22 21:46:42,066 - INFO -   目录是否存在: True
2026-01-22 21:46:42,066 - INFO -   目录下所有CSV文件: ['LG-le_docteur_2026121号__瑜伽裤报价新_upsell_报价表.csv', 'LG-le_docteur_2026121号__瑜伽裤报价新_找货表.csv', 'LG-le_docteur_2026121号__瑜伽裤报价新_瑜伽裤报价表.csv']
2026-01-22 21:46:42,066 - INFO -   匹配'*报价表.csv'的文件: ['LG-le_docteur_2026121号__瑜伽裤报价新_upsell_报价表.csv', 'LG-le_docteur_2026121号__瑜伽裤报价新_瑜伽裤报价表.csv']
2026-01-22 21:46:42,067 - INFO -   过滤后（不含upsell）的报价表文件: ['LG-le_docteur_2026121号__瑜伽裤报价新_瑜伽裤报价表.csv']
2026-01-22 21:46:42,069 - INFO -   已加载报价表文件: LG-le_docteur_2026121号__瑜伽裤报价新_瑜伽裤报价表.csv (共25行)
2026-01-22 21:46:42,069 - INFO -   匹配upsell报价表文件: ['LG-le_docteur_2026121号__瑜伽裤报价新_upsell_报价表.csv']
2026-01-22 21:46:42,072 - INFO -   已加载upsell报价表文件: LG-le_docteur_2026121号__瑜伽裤报价新_upsell_报价表.csv (共25行)
2026-01-22 21:46:42,461 - INFO -   已添加sum行，公式: =SUM(F2:F294)+SUM(G2:G294)
2026-01-22 21:46:42,461 - INFO -   已添加cost和upsell列（位于Country列左边），并在最后一行添加sum行（使用公式计算）
2026-01-22 21:46:42,641 - INFO -   已保存为Excel格式（支持货币格式和公式）
2026-01-22 21:46:42,641 - INFO -   ✓ 已转换: LG-Le\Orders\LG-LｅCeralia瑜伽裤）-2Jan22th_tracking_cost1_order__order__order_.xlsx (293 行, 19 列)
2026-01-22 21:46:42,866 - INFO - ✓ 已删除原文件: LG-Le\Orders\LG-LｅCeralia瑜伽裤）-2Jan22th_tracking_cost1_order__order_.xlsx
2026-01-22 21:46:42,866 - INFO - ✓ 文件转换完成并已删除: LG-Le\Orders\LG-LｅCeralia瑜伽裤）-2Jan22th_tracking_cost1_order__order_.xlsx -> 1 个CSV文件
2026-01-22 21:46:42,867 - WARNING - 文件不存在: E:\workspace\OrderAutoGeneration\docs\sourceData\LG-Le\Orders\LG-LｅCeralia瑜伽裤）-2Jan22th_tracking_cost1_order__order_.xlsx
2026-01-22 21:46:50,383 - INFO - ============================================================
2026-01-22 21:46:50,384 - INFO - XLSX Converter Service (xlsx-converter) 启动
2026-01-22 21:46:50,384 - INFO - ============================================================
2026-01-22 21:46:50,385 - INFO - 源目录: E:\workspace\OrderAutoGeneration\docs\sourceData
2026-01-22 21:46:50,385 - INFO - 目标目录: E:\workspace\OrderAutoGeneration\docs\convertedData
2026-01-22 21:46:50,385 - INFO - 模式: 递归扫描所有子目录，保持文件夹结构，转换后删除原文件
2026-01-22 21:46:50,386 - INFO - 监控间隔: 10 秒
2026-01-22 21:46:50,386 - INFO - 程序运行中，按Ctrl+C 停止...
2026-01-22 21:46:50,386 - INFO - 
2026-01-23 09:04:40,600 - INFO - 发现 2 个xlsx文件
2026-01-23 09:04:40,602 - INFO - 开始转换文件: LG-Omar\Quotation\LG-Omar 01.12 (Elaine)   报价new  新.xlsx
2026-01-23 09:04:40,676 - INFO -   发现 5 个sheet
2026-01-23 09:04:40,767 - INFO -   ✓ 已转换: LG-Omar\Quotation\LG-Omar_0112_Elaine___报价new__新_产品表.csv (27 行, 20 列)
2026-01-23 09:04:40,860 - INFO -   ✓ 已转换: LG-Omar\Quotation\LG-Omar_0112_Elaine___报价new__新_报价表.csv (44 行, 30 列)
2026-01-23 09:04:40,941 - INFO -   ✓ 已转换: LG-Omar\Quotation\LG-Omar_0112_Elaine___报价new__新_产品价格.csv (36 行, 16 列)
2026-01-23 09:04:41,033 - INFO -   ✓ 已转换: LG-Omar\Quotation\LG-Omar_0112_Elaine___报价new__新_报价表2.csv (25 行, 29 列)
2026-01-23 09:04:41,345 - INFO - ✓ 已删除原文件: LG-Omar\Quotation\LG-Omar 01.12 (Elaine)   报价new  新.xlsx
2026-01-23 09:04:41,345 - INFO - ✓ 文件转换完成并已删除: LG-Omar\Quotation\LG-Omar 01.12 (Elaine)   报价new  新.xlsx -> 4 个CSV文件
2026-01-23 09:04:41,345 - WARNING - 文件不存在: E:\workspace\OrderAutoGeneration\docs\sourceData\LG-Omar\Quotation\LG-Omar 01.12 (Elaine)   报价new  新.xlsx
2026-01-23 09:04:51,352 - INFO - 发现 2 个xlsx文件
2026-01-23 09:04:51,353 - INFO - 开始转换文件: LG-Omar\Orders\order_20260123085324886_493386.xlsx
2026-01-23 09:04:51,370 - INFO -   发现 1 个sheet
2026-01-23 09:04:51,571 - INFO -   已添加SKU_Quotation列（从'商品SKU'列提取，位于SKU列右边）
2026-01-23 09:04:51,779 - INFO -   已添加QTY_Merged列（按Order#和SKU_Quotation分组累加QTY，位于QTY列右边）
2026-01-23 09:04:51,780 - INFO -   查找报价表文件，目录: E:\workspace\OrderAutoGeneration\docs\convertedData\LG-Le\Quotation
2026-01-23 09:04:51,781 - INFO -   目录是否存在: True
2026-01-23 09:04:51,781 - INFO -   目录下所有CSV文件: ['LG-le_docteur_2026121号__瑜伽裤报价新_upsell_报价表.csv', 'LG-le_docteur_2026121号__瑜伽裤报价新_找货表.csv', 'LG-le_docteur_2026121号__瑜伽裤报价新_瑜伽裤报价表.csv']
2026-01-23 09:04:51,782 - INFO -   匹配'*报价表.csv'的文件: ['LG-le_docteur_2026121号__瑜伽裤报价新_upsell_报价表.csv', 'LG-le_docteur_2026121号__瑜伽裤报价新_瑜伽裤报价表.csv']
2026-01-23 09:04:51,782 - INFO -   过滤后（不含upsell）的报价表文件: ['LG-le_docteur_2026121号__瑜伽裤报价新_瑜伽裤报价表.csv']
2026-01-23 09:04:51,815 - INFO -   已加载报价表文件: LG-le_docteur_2026121号__瑜伽裤报价新_瑜伽裤报价表.csv (共25行)
2026-01-23 09:04:51,816 - INFO -   匹配upsell报价表文件: ['LG-le_docteur_2026121号__瑜伽裤报价新_upsell_报价表.csv']
2026-01-23 09:04:51,841 - INFO -   已加载upsell报价表文件: LG-le_docteur_2026121号__瑜伽裤报价新_upsell_报价表.csv (共25行)
2026-01-23 09:04:52,457 - INFO -   已添加sum行，公式: =SUM(K2:K317)+SUM(L2:L317)
2026-01-23 09:04:52,458 - INFO -   已添加cost和upsell列（位于Country列左边），并在最后一行添加sum行（使用公式计算）
2026-01-23 09:04:52,705 - INFO -   已保存为Excel格式（支持货币格式和公式）
2026-01-23 09:04:52,705 - INFO -   ✓ 已转换: LG-Omar\Orders\order_20260123085324886_493386_order_.xlsx (316 行, 22 列)
2026-01-23 09:04:52,738 - INFO - ✓ 已删除原文件: LG-Omar\Orders\order_20260123085324886_493386.xlsx
2026-01-23 09:04:52,738 - INFO - ✓ 文件转换完成并已删除: LG-Omar\Orders\order_20260123085324886_493386.xlsx -> 1 个CSV文件
2026-01-23 09:04:52,739 - WARNING - 文件不存在: E:\workspace\OrderAutoGeneration\docs\sourceData\LG-Omar\Orders\order_20260123085324886_493386.xlsx
2026-01-23 09:05:52,778 - INFO - 发现 2 个xlsx文件
2026-01-23 09:05:52,779 - INFO - 开始转换文件: LG-Omar\Orders\order_20260123085200621_493386.xlsx
2026-01-23 09:05:52,787 - INFO -   发现 1 个sheet
2026-01-23 09:05:52,986 - INFO -   已添加SKU_Quotation列（从'商品SKU'列提取，位于SKU列右边）
2026-01-23 09:05:53,196 - INFO -   已添加QTY_Merged列（按Order#和SKU_Quotation分组累加QTY，位于QTY列右边）
2026-01-23 09:05:53,197 - INFO -   查找报价表文件，目录: E:\workspace\OrderAutoGeneration\docs\convertedData\LG-Le\Quotation
2026-01-23 09:05:53,198 - INFO -   目录是否存在: True
2026-01-23 09:05:53,198 - INFO -   目录下所有CSV文件: ['LG-le_docteur_2026121号__瑜伽裤报价新_upsell_报价表.csv', 'LG-le_docteur_2026121号__瑜伽裤报价新_找货表.csv', 'LG-le_docteur_2026121号__瑜伽裤报价新_瑜伽裤报价表.csv']
2026-01-23 09:05:53,198 - INFO -   匹配'*报价表.csv'的文件: ['LG-le_docteur_2026121号__瑜伽裤报价新_upsell_报价表.csv', 'LG-le_docteur_2026121号__瑜伽裤报价新_瑜伽裤报价表.csv']
2026-01-23 09:05:53,198 - INFO -   过滤后（不含upsell）的报价表文件: ['LG-le_docteur_2026121号__瑜伽裤报价新_瑜伽裤报价表.csv']
2026-01-23 09:05:53,201 - INFO -   已加载报价表文件: LG-le_docteur_2026121号__瑜伽裤报价新_瑜伽裤报价表.csv (共25行)
2026-01-23 09:05:53,201 - INFO -   匹配upsell报价表文件: ['LG-le_docteur_2026121号__瑜伽裤报价新_upsell_报价表.csv']
2026-01-23 09:05:53,204 - INFO -   已加载upsell报价表文件: LG-le_docteur_2026121号__瑜伽裤报价新_upsell_报价表.csv (共25行)
2026-01-23 09:05:53,207 - ERROR -   处理SKU_Quotation列时出错: cannot access local variable 'found_upsell' where it is not associated with a value
2026-01-23 09:05:53,502 - INFO -   已保存为Excel格式（处理出错，但已保存原始数据）
2026-01-23 09:05:53,503 - INFO -   ✓ 已转换: LG-Omar\Orders\order_20260123085200621_493386_order_.xlsx (402 行, 22 列)
2026-01-23 09:05:53,523 - INFO - ✓ 已删除原文件: LG-Omar\Orders\order_20260123085200621_493386.xlsx
2026-01-23 09:05:53,523 - INFO - ✓ 文件转换完成并已删除: LG-Omar\Orders\order_20260123085200621_493386.xlsx -> 1 个CSV文件
2026-01-23 09:05:53,524 - WARNING - 文件不存在: E:\workspace\OrderAutoGeneration\docs\sourceData\LG-Omar\Orders\order_20260123085200621_493386.xlsx
2026-01-23 09:19:54,186 - INFO - 发现 2 个xlsx文件
2026-01-23 09:20:04,198 - INFO - 发现 2 个xlsx文件
2026-01-23 09:20:14,206 - INFO - 发现 2 个xlsx文件
2026-01-23 09:20:24,211 - INFO - 发现 2 个xlsx文件
2026-01-23 09:20:34,225 - INFO - 发现 4 个xlsx文件
2026-01-23 09:20:34,226 - INFO - 开始转换文件: LG-Le\Orders\order_20260123085324886_493386.xlsx
2026-01-23 09:20:34,236 - INFO -   发现 1 个sheet
2026-01-23 09:20:34,413 - INFO -   已添加SKU_Quotation列（从'商品SKU'列提取，位于SKU列右边）
2026-01-23 09:20:34,564 - INFO -   已添加QTY_Merged列（按Order#和SKU_Quotation分组累加QTY，位于QTY列右边）
2026-01-23 09:20:34,565 - INFO -   查找报价表文件，目录: E:\workspace\OrderAutoGeneration\docs\convertedData\LG-Le\Quotation
2026-01-23 09:20:34,565 - INFO -   目录是否存在: True
2026-01-23 09:20:34,566 - INFO -   目录下所有CSV文件: ['LG-le_docteur_2026121号__瑜伽裤报价新_upsell_报价表.csv', 'LG-le_docteur_2026121号__瑜伽裤报价新_找货表.csv', 'LG-le_docteur_2026121号__瑜伽裤报价新_瑜伽裤报价表.csv']
2026-01-23 09:20:34,566 - INFO -   匹配'*报价表.csv'的文件: ['LG-le_docteur_2026121号__瑜伽裤报价新_upsell_报价表.csv', 'LG-le_docteur_2026121号__瑜伽裤报价新_瑜伽裤报价表.csv']
2026-01-23 09:20:34,566 - INFO -   过滤后（不含upsell）的报价表文件: ['LG-le_docteur_2026121号__瑜伽裤报价新_瑜伽裤报价表.csv']
2026-01-23 09:20:34,569 - INFO -   已加载报价表文件: LG-le_docteur_2026121号__瑜伽裤报价新_瑜伽裤报价表.csv (共25行)
2026-01-23 09:20:34,569 - INFO -   匹配upsell报价表文件: ['LG-le_docteur_2026121号__瑜伽裤报价新_upsell_报价表.csv']
2026-01-23 09:20:34,572 - INFO -   已加载upsell报价表文件: LG-le_docteur_2026121号__瑜伽裤报价新_upsell_报价表.csv (共25行)
2026-01-23 09:20:35,150 - INFO -   已添加sum行，公式: =SUM(K2:K317)+SUM(L2:L317)
2026-01-23 09:20:35,150 - INFO -   已添加cost和upsell列（位于Country列左边），并在最后一行添加sum行（使用公式计算）
2026-01-23 09:20:35,363 - INFO -   已保存为Excel格式（支持货币格式和公式）
2026-01-23 09:20:35,363 - INFO -   ✓ 已转换: LG-Le\Orders\order_20260123085324886_493386_order_.xlsx (316 行, 22 列)
2026-01-23 09:20:35,377 - INFO - ✓ 已删除原文件: LG-Le\Orders\order_20260123085324886_493386.xlsx
2026-01-23 09:20:35,378 - INFO - ✓ 文件转换完成并已删除: LG-Le\Orders\order_20260123085324886_493386.xlsx -> 1 个CSV文件
2026-01-23 09:20:35,379 - WARNING - 文件不存在: E:\workspace\OrderAutoGeneration\docs\sourceData\LG-Le\Orders\order_20260123085324886_493386.xlsx
2026-01-23 09:20:45,384 - INFO - 发现 2 个xlsx文件
2026-01-23 09:20:55,390 - INFO - 发现 2 个xlsx文件
2026-01-23 09:21:05,402 - INFO - 发现 2 个xlsx文件
2026-01-23 09:21:15,409 - INFO - 发现 2 个xlsx文件
2026-01-23 09:21:25,417 - INFO - 发现 2 个xlsx文件
2026-01-23 09:21:35,432 - INFO - 发现 2 个xlsx文件
2026-01-23 09:21:45,438 - INFO - 发现 2 个xlsx文件
2026-01-23 09:21:55,448 - INFO - 发现 2 个xlsx文件
2026-01-23 09:22:05,455 - INFO - 发现 2 个xlsx文件
2026-01-23 09:22:15,495 - INFO - 发现 2 个xlsx文件
2026-01-23 09:22:25,530 - INFO - 发现 2 个xlsx文件
2026-01-23 09:22:35,548 - INFO - 发现 2 个xlsx文件
2026-01-23 09:22:45,553 - INFO - 发现 2 个xlsx文件
2026-01-23 09:22:55,569 - INFO - 发现 2 个xlsx文件
2026-01-23 09:23:05,582 - INFO - 发现 2 个xlsx文件
2026-01-23 09:23:15,591 - INFO - 发现 2 个xlsx文件
2026-01-23 09:23:25,596 - INFO - 发现 2 个xlsx文件
2026-01-23 09:23:35,601 - INFO - 发现 2 个xlsx文件
2026-01-23 09:23:45,608 - INFO - 发现 2 个xlsx文件
2026-01-23 09:23:55,613 - INFO - 发现 2 个xlsx文件
2026-01-23 09:24:05,620 - INFO - 发现 2 个xlsx文件
2026-01-23 09:24:15,627 - INFO - 发现 2 个xlsx文件
2026-01-23 09:24:25,648 - INFO - 发现 2 个xlsx文件
2026-01-23 09:24:35,653 - INFO - 发现 2 个xlsx文件
2026-01-23 09:24:45,663 - INFO - 发现 2 个xlsx文件
2026-01-23 09:24:55,677 - INFO - 发现 2 个xlsx文件
2026-01-23 09:25:05,683 - INFO - 发现 2 个xlsx文件
2026-01-23 09:25:15,688 - INFO - 发现 2 个xlsx文件
2026-01-23 09:25:25,693 - INFO - 发现 2 个xlsx文件
2026-01-23 09:25:35,698 - INFO - 发现 2 个xlsx文件
2026-01-23 09:25:45,710 - INFO - 发现 2 个xlsx文件
2026-01-23 09:25:55,717 - INFO - 发现 2 个xlsx文件
2026-01-23 09:26:05,723 - INFO - 发现 2 个xlsx文件
2026-01-23 09:26:15,728 - INFO - 发现 2 个xlsx文件
2026-01-23 09:26:25,744 - INFO - 发现 2 个xlsx文件
2026-01-23 09:26:35,752 - INFO - 发现 2 个xlsx文件
2026-01-23 09:26:45,758 - INFO - 发现 2 个xlsx文件
2026-01-23 09:26:55,767 - INFO - 发现 4 个xlsx文件
2026-01-23 09:26:55,770 - INFO - 开始转换文件: LG-Le\Orders\order_20260123085324886_493386_order_.xlsx
2026-01-23 09:26:55,848 - INFO -   发现 1 个sheet
2026-01-23 09:26:55,998 - INFO -   已添加SKU_Quotation列（从'商品SKU'列提取，位于SKU列右边）
2026-01-23 09:26:56,217 - INFO -   已添加QTY_Merged列（按Order#和SKU_Quotation分组累加QTY，位于QTY列右边）
2026-01-23 09:26:56,221 - INFO -   查找报价表文件，目录: E:\workspace\OrderAutoGeneration\docs\convertedData\LG-Le\Quotation
2026-01-23 09:26:56,222 - INFO -   目录是否存在: True
2026-01-23 09:26:56,223 - INFO -   目录下所有CSV文件: ['LG-le_docteur_2026121号__瑜伽裤报价新_upsell_报价表.csv', 'LG-le_docteur_2026121号__瑜伽裤报价新_找货表.csv', 'LG-le_docteur_2026121号__瑜伽裤报价新_瑜伽裤报价表.csv']
2026-01-23 09:26:56,224 - INFO -   匹配'*报价表.csv'的文件: ['LG-le_docteur_2026121号__瑜伽裤报价新_upsell_报价表.csv', 'LG-le_docteur_2026121号__瑜伽裤报价新_瑜伽裤报价表.csv']
2026-01-23 09:26:56,224 - INFO -   过滤后（不含upsell）的报价表文件: ['LG-le_docteur_2026121号__瑜伽裤报价新_瑜伽裤报价表.csv']
2026-01-23 09:26:56,229 - INFO -   已加载报价表文件: LG-le_docteur_2026121号__瑜伽裤报价新_瑜伽裤报价表.csv (共25行)
2026-01-23 09:26:56,229 - INFO -   匹配upsell报价表文件: ['LG-le_docteur_2026121号__瑜伽裤报价新_upsell_报价表.csv']
2026-01-23 09:26:56,235 - INFO -   已加载upsell报价表文件: LG-le_docteur_2026121号__瑜伽裤报价新_upsell_报价表.csv (共25行)
2026-01-23 09:26:56,985 - INFO -   已添加sum行，公式: =SUM(K2:K318)+SUM(L2:L318)
2026-01-23 09:26:56,985 - INFO -   已添加cost和upsell列（位于Country列左边），并在最后一行添加sum行（使用公式计算）
2026-01-23 09:26:57,186 - INFO -   已保存为Excel格式（支持货币格式和公式）
2026-01-23 09:26:57,186 - INFO -   ✓ 已转换: LG-Le\Orders\order_20260123085324886_493386_order__order_.xlsx (317 行, 22 列)
2026-01-23 09:26:57,292 - INFO - ✓ 已删除原文件: LG-Le\Orders\order_20260123085324886_493386_order_.xlsx
2026-01-23 09:26:57,292 - INFO - ✓ 文件转换完成并已删除: LG-Le\Orders\order_20260123085324886_493386_order_.xlsx -> 1 个CSV文件
2026-01-23 09:26:57,293 - WARNING - 文件不存在: E:\workspace\OrderAutoGeneration\docs\sourceData\LG-Le\Orders\order_20260123085324886_493386_order_.xlsx
2026-01-23 09:27:07,300 - INFO - 发现 2 个xlsx文件
2026-01-23 09:27:17,319 - INFO - 发现 2 个xlsx文件
2026-01-23 09:27:27,327 - INFO - 发现 2 个xlsx文件
2026-01-23 09:27:37,332 - INFO - 发现 2 个xlsx文件
2026-01-23 09:27:47,338 - INFO - 发现 2 个xlsx文件
2026-01-23 09:27:57,342 - INFO - 发现 2 个xlsx文件
2026-01-23 09:28:07,348 - INFO - 发现 2 个xlsx文件
2026-01-23 09:28:17,360 - INFO - 发现 2 个xlsx文件
2026-01-23 09:28:27,372 - INFO - 发现 2 个xlsx文件
2026-01-23 09:28:37,379 - INFO - 发现 2 个xlsx文件
2026-01-23 09:28:47,386 - INFO - 发现 2 个xlsx文件
2026-01-23 09:28:57,391 - INFO - 发现 2 个xlsx文件
2026-01-23 09:29:07,396 - INFO - 发现 2 个xlsx文件
2026-01-23 09:29:17,412 - INFO - 发现 2 个xlsx文件
2026-01-23 09:29:27,432 - INFO - 发现 2 个xlsx文件
2026-01-23 09:29:37,442 - INFO - 发现 2 个xlsx文件
2026-01-23 09:29:47,470 - INFO - 发现 2 个xlsx文件
2026-01-23 09:29:57,477 - INFO - 发现 2 个xlsx文件
2026-01-23 09:30:07,484 - INFO - 发现 2 个xlsx文件
2026-01-23 09:30:17,489 - INFO - 发现 2 个xlsx文件
2026-01-23 09:30:27,498 - INFO - 发现 2 个xlsx文件
2026-01-23 09:30:37,504 - INFO - 发现 2 个xlsx文件
2026-01-23 09:30:47,521 - INFO - 发现 2 个xlsx文件
2026-01-23 09:30:57,534 - INFO - 发现 2 个xlsx文件
2026-01-23 09:31:07,541 - INFO - 发现 2 个xlsx文件
2026-01-23 09:31:17,548 - INFO - 发现 2 个xlsx文件
2026-01-23 09:31:27,554 - INFO - 发现 2 个xlsx文件
2026-01-23 09:31:37,568 - INFO - 发现 2 个xlsx文件
2026-01-23 09:31:47,578 - INFO - 发现 2 个xlsx文件
2026-01-23 09:31:57,584 - INFO - 发现 2 个xlsx文件
2026-01-23 09:32:07,590 - INFO - 发现 2 个xlsx文件
2026-01-23 09:32:17,596 - INFO - 发现 2 个xlsx文件
2026-01-23 09:32:27,602 - INFO - 发现 2 个xlsx文件
2026-01-23 09:32:37,609 - INFO - 发现 2 个xlsx文件
2026-01-23 09:32:47,620 - INFO - 发现 2 个xlsx文件
2026-01-23 09:32:57,628 - INFO - 发现 2 个xlsx文件
2026-01-23 09:33:07,634 - INFO - 发现 2 个xlsx文件
2026-01-23 09:33:17,639 - INFO - 发现 2 个xlsx文件
2026-01-23 09:33:27,645 - INFO - 发现 2 个xlsx文件
2026-01-23 09:33:37,674 - INFO - 发现 2 个xlsx文件
2026-01-23 09:33:47,731 - INFO - 发现 2 个xlsx文件
2026-01-23 09:33:57,745 - INFO - 发现 2 个xlsx文件
2026-01-23 09:34:07,752 - INFO - 发现 2 个xlsx文件
2026-01-23 09:34:17,761 - INFO - 发现 2 个xlsx文件
2026-01-23 09:34:27,768 - INFO - 发现 2 个xlsx文件
2026-01-23 09:34:37,794 - INFO - 发现 2 个xlsx文件
2026-01-23 09:34:47,802 - INFO - 发现 2 个xlsx文件
2026-01-23 09:34:57,821 - INFO - 发现 2 个xlsx文件
2026-01-23 09:35:07,829 - INFO - 发现 2 个xlsx文件
2026-01-23 09:35:17,838 - INFO - 发现 2 个xlsx文件
2026-01-23 09:35:27,845 - INFO - 发现 2 个xlsx文件
2026-01-23 09:35:37,851 - INFO - 发现 2 个xlsx文件
2026-01-23 09:35:47,857 - INFO - 发现 2 个xlsx文件
2026-01-23 09:35:57,867 - INFO - 发现 2 个xlsx文件
2026-01-23 09:36:07,876 - INFO - 发现 2 个xlsx文件
2026-01-23 09:36:17,882 - INFO - 发现 2 个xlsx文件
2026-01-23 09:36:27,887 - INFO - 发现 2 个xlsx文件
2026-01-23 09:36:37,893 - INFO - 发现 2 个xlsx文件
2026-01-23 09:36:47,904 - INFO - 发现 2 个xlsx文件
2026-01-23 09:36:57,911 - INFO - 发现 2 个xlsx文件
2026-01-23 09:37:07,916 - INFO - 发现 2 个xlsx文件
2026-01-23 09:37:17,922 - INFO - 发现 2 个xlsx文件
2026-01-23 09:37:27,930 - INFO - 发现 2 个xlsx文件
2026-01-23 09:37:37,938 - INFO - 发现 2 个xlsx文件
2026-01-23 09:37:47,945 - INFO - 发现 2 个xlsx文件
2026-01-23 09:37:57,953 - INFO - 发现 2 个xlsx文件
2026-01-23 09:38:07,959 - INFO - 发现 2 个xlsx文件
2026-01-23 09:38:17,964 - INFO - 发现 2 个xlsx文件
2026-01-23 09:38:27,971 - INFO - 发现 2 个xlsx文件
2026-01-23 09:38:37,976 - INFO - 发现 2 个xlsx文件
2026-01-23 09:38:47,982 - INFO - 发现 2 个xlsx文件
2026-01-23 09:38:57,989 - INFO - 发现 2 个xlsx文件
2026-01-23 09:39:08,007 - INFO - 发现 2 个xlsx文件
2026-01-23 09:39:18,017 - INFO - 发现 2 个xlsx文件
2026-01-23 09:39:28,024 - INFO - 发现 2 个xlsx文件
2026-01-23 09:39:38,039 - INFO - 发现 2 个xlsx文件
2026-01-23 09:39:48,047 - INFO - 发现 2 个xlsx文件
2026-01-23 09:39:58,057 - INFO - 发现 2 个xlsx文件
2026-01-23 09:40:08,063 - INFO - 发现 2 个xlsx文件
2026-01-23 09:40:18,082 - INFO - 发现 2 个xlsx文件
2026-01-23 09:40:28,090 - INFO - 发现 2 个xlsx文件
2026-01-23 09:40:38,106 - INFO - 发现 2 个xlsx文件
2026-01-23 09:40:48,116 - INFO - 发现 2 个xlsx文件
2026-01-23 09:40:58,130 - INFO - 发现 2 个xlsx文件
2026-01-23 09:41:08,139 - INFO - 发现 2 个xlsx文件
2026-01-23 09:41:18,154 - INFO - 发现 2 个xlsx文件
2026-01-23 09:41:28,164 - INFO - 发现 2 个xlsx文件
2026-01-23 09:41:38,190 - INFO - 发现 2 个xlsx文件
2026-01-23 09:41:48,207 - INFO - 发现 2 个xlsx文件
2026-01-23 09:41:58,215 - INFO - 发现 2 个xlsx文件
2026-01-23 09:42:08,230 - INFO - 发现 2 个xlsx文件
2026-01-23 09:42:18,246 - INFO - 发现 2 个xlsx文件
2026-01-23 09:42:28,253 - INFO - 发现 2 个xlsx文件
2026-01-23 09:42:38,263 - INFO - 发现 2 个xlsx文件
2026-01-23 09:42:48,268 - INFO - 发现 2 个xlsx文件
2026-01-23 09:42:58,276 - INFO - 发现 2 个xlsx文件
2026-01-23 09:43:08,282 - INFO - 发现 2 个xlsx文件
2026-01-23 09:43:18,295 - INFO - 发现 2 个xlsx文件
2026-01-23 09:43:28,302 - INFO - 发现 2 个xlsx文件
2026-01-23 09:43:38,311 - INFO - 发现 2 个xlsx文件
2026-01-23 09:43:48,319 - INFO - 发现 2 个xlsx文件
2026-01-23 09:43:58,330 - INFO - 发现 2 个xlsx文件
2026-01-23 09:44:08,340 - INFO - 发现 2 个xlsx文件
2026-01-23 09:44:18,345 - INFO - 发现 2 个xlsx文件
2026-01-23 09:44:28,351 - INFO - 发现 2 个xlsx文件
2026-01-23 09:44:38,356 - INFO - 发现 2 个xlsx文件
2026-01-23 09:44:48,362 - INFO - 发现 2 个xlsx文件
2026-01-23 09:44:58,371 - INFO - 发现 2 个xlsx文件
2026-01-23 09:45:08,379 - INFO - 发现 2 个xlsx文件
2026-01-23 09:45:18,387 - INFO - 发现 2 个xlsx文件
2026-01-23 09:45:28,406 - INFO - 发现 2 个xlsx文件
2026-01-23 09:45:38,411 - INFO - 发现 2 个xlsx文件
2026-01-23 09:45:48,416 - INFO - 发现 2 个xlsx文件
2026-01-23 09:45:58,422 - INFO - 发现 2 个xlsx文件
2026-01-23 09:46:08,430 - INFO - 发现 2 个xlsx文件
2026-01-23 09:46:18,436 - INFO - 发现 2 个xlsx文件
2026-01-23 09:46:28,454 - INFO - 发现 2 个xlsx文件
2026-01-23 09:46:38,460 - INFO - 发现 2 个xlsx文件
2026-01-23 09:46:48,470 - INFO - 发现 2 个xlsx文件
2026-01-23 09:46:58,478 - INFO - 发现 2 个xlsx文件
2026-01-23 09:47:08,486 - INFO - 发现 2 个xlsx文件
2026-01-23 09:47:18,519 - INFO - 发现 2 个xlsx文件
2026-01-23 09:47:28,526 - INFO - 发现 2 个xlsx文件
2026-01-23 09:47:38,549 - INFO - 发现 2 个xlsx文件
2026-01-23 09:47:48,562 - INFO - 发现 2 个xlsx文件
2026-01-23 09:47:58,568 - INFO - 发现 2 个xlsx文件
2026-01-23 09:48:08,577 - INFO - 发现 2 个xlsx文件
2026-01-23 09:48:18,591 - INFO - 发现 2 个xlsx文件
2026-01-23 09:48:28,597 - INFO - 发现 2 个xlsx文件
2026-01-23 09:48:38,603 - INFO - 发现 2 个xlsx文件
2026-01-23 09:48:48,611 - INFO - 发现 2 个xlsx文件
2026-01-23 09:48:58,619 - INFO - 发现 2 个xlsx文件
2026-01-23 09:49:08,624 - INFO - 发现 2 个xlsx文件
2026-01-23 09:49:18,650 - INFO - 发现 2 个xlsx文件
2026-01-23 09:49:28,671 - INFO - 发现 2 个xlsx文件
2026-01-23 09:49:38,691 - INFO - 发现 2 个xlsx文件
2026-01-23 09:49:48,700 - INFO - 发现 2 个xlsx文件
2026-01-23 09:49:58,716 - INFO - 发现 2 个xlsx文件
2026-01-23 09:50:08,726 - INFO - 发现 2 个xlsx文件
2026-01-23 09:50:18,747 - INFO - 发现 2 个xlsx文件
2026-01-23 09:50:28,768 - INFO - 发现 2 个xlsx文件
2026-01-23 09:50:38,777 - INFO - 发现 2 个xlsx文件
2026-01-23 09:50:48,786 - INFO - 发现 2 个xlsx文件
2026-01-23 09:50:58,794 - INFO - 发现 2 个xlsx文件
2026-01-23 09:51:08,800 - INFO - 发现 2 个xlsx文件
2026-01-23 09:51:18,811 - INFO - 发现 2 个xlsx文件
2026-01-23 09:51:28,819 - INFO - 发现 2 个xlsx文件
2026-01-23 09:51:38,829 - INFO - 发现 2 个xlsx文件
2026-01-23 09:51:48,838 - INFO - 发现 2 个xlsx文件
2026-01-23 09:51:58,846 - INFO - 发现 2 个xlsx文件
2026-01-23 09:52:08,852 - INFO - 发现 2 个xlsx文件
2026-01-23 09:52:18,859 - INFO - 发现 2 个xlsx文件
2026-01-23 09:52:28,869 - INFO - 发现 2 个xlsx文件
2026-01-23 09:52:38,893 - INFO - 发现 2 个xlsx文件
2026-01-23 09:52:48,905 - INFO - 发现 2 个xlsx文件
2026-01-23 09:52:58,925 - INFO - 发现 2 个xlsx文件
2026-01-23 09:53:08,935 - INFO - 发现 2 个xlsx文件
2026-01-23 09:53:18,948 - INFO - 发现 2 个xlsx文件
2026-01-23 09:53:28,955 - INFO - 发现 2 个xlsx文件
2026-01-23 09:53:38,965 - INFO - 发现 2 个xlsx文件
2026-01-23 09:53:48,975 - INFO - 发现 2 个xlsx文件
2026-01-23 09:53:58,982 - INFO - 发现 2 个xlsx文件
2026-01-23 09:54:08,988 - INFO - 发现 2 个xlsx文件
2026-01-23 09:54:18,996 - INFO - 发现 2 个xlsx文件
2026-01-23 09:54:29,009 - INFO - 发现 2 个xlsx文件
2026-01-23 09:54:39,019 - INFO - 发现 2 个xlsx文件
2026-01-23 09:54:49,061 - INFO - 发现 2 个xlsx文件
2026-01-23 09:54:59,071 - INFO - 发现 2 个xlsx文件
2026-01-23 09:55:09,080 - INFO - 发现 2 个xlsx文件
2026-01-23 09:55:19,086 - INFO - 发现 2 个xlsx文件
2026-01-23 09:55:29,105 - INFO - 发现 2 个xlsx文件
2026-01-23 09:55:39,112 - INFO - 发现 2 个xlsx文件
2026-01-23 09:55:49,122 - INFO - 发现 2 个xlsx文件
2026-01-23 09:55:59,131 - INFO - 发现 2 个xlsx文件
2026-01-23 09:56:09,144 - INFO - 发现 2 个xlsx文件
2026-01-23 09:56:19,153 - INFO - 发现 2 个xlsx文件
2026-01-23 09:56:29,161 - INFO - 发现 2 个xlsx文件
2026-01-23 09:56:39,167 - INFO - 发现 2 个xlsx文件
2026-01-23 09:56:49,173 - INFO - 发现 2 个xlsx文件
2026-01-23 09:56:59,182 - INFO - 发现 2 个xlsx文件
2026-01-23 09:57:09,203 - INFO - 发现 2 个xlsx文件
2026-01-23 09:57:19,213 - INFO - 发现 2 个xlsx文件
2026-01-23 09:57:29,221 - INFO - 发现 2 个xlsx文件
2026-01-23 09:57:39,228 - INFO - 发现 2 个xlsx文件
2026-01-23 09:57:49,238 - INFO - 发现 2 个xlsx文件
2026-01-23 09:57:59,256 - INFO - 发现 2 个xlsx文件
2026-01-23 09:58:09,268 - INFO - 发现 2 个xlsx文件
2026-01-23 09:58:19,276 - INFO - 发现 2 个xlsx文件
2026-01-23 09:58:29,285 - INFO - 发现 2 个xlsx文件
2026-01-23 09:58:39,292 - INFO - 发现 2 个xlsx文件
2026-01-23 09:58:49,307 - INFO - 发现 2 个xlsx文件
2026-01-23 09:58:59,317 - INFO - 发现 2 个xlsx文件
2026-01-23 09:59:09,324 - INFO - 发现 2 个xlsx文件
2026-01-23 09:59:19,331 - INFO - 发现 2 个xlsx文件
2026-01-23 09:59:29,338 - INFO - 发现 2 个xlsx文件
2026-01-23 09:59:39,344 - INFO - 发现 2 个xlsx文件
2026-01-23 09:59:49,354 - INFO - 发现 2 个xlsx文件
2026-01-23 09:59:59,360 - INFO - 发现 2 个xlsx文件
2026-01-23 10:00:09,371 - INFO - 发现 2 个xlsx文件
2026-01-23 10:00:19,380 - INFO - 发现 2 个xlsx文件
2026-01-23 10:00:29,399 - INFO - 发现 2 个xlsx文件
2026-01-23 10:00:39,406 - INFO - 发现 2 个xlsx文件
2026-01-23 10:00:49,411 - INFO - 发现 2 个xlsx文件
2026-01-23 10:00:59,418 - INFO - 发现 2 个xlsx文件
2026-01-23 10:01:09,423 - INFO - 发现 2 个xlsx文件
2026-01-23 10:01:19,430 - INFO - 发现 2 个xlsx文件
2026-01-23 10:01:29,438 - INFO - 发现 2 个xlsx文件
2026-01-23 10:01:39,448 - INFO - 发现 2 个xlsx文件
2026-01-23 10:01:49,479 - INFO - 发现 2 个xlsx文件
2026-01-23 10:01:59,489 - INFO - 发现 2 个xlsx文件
2026-01-23 10:02:09,495 - INFO - 发现 2 个xlsx文件
2026-01-23 10:02:19,502 - INFO - 发现 2 个xlsx文件
2026-01-23 10:02:29,509 - INFO - 发现 2 个xlsx文件
2026-01-23 10:02:39,523 - INFO - 发现 2 个xlsx文件
2026-01-23 10:02:49,540 - INFO - 发现 2 个xlsx文件
2026-01-23 10:02:59,547 - INFO - 发现 2 个xlsx文件
2026-01-23 10:03:09,556 - INFO - 发现 2 个xlsx文件
2026-01-23 10:03:19,561 - INFO - 发现 2 个xlsx文件
2026-01-23 10:03:29,567 - INFO - 发现 2 个xlsx文件
2026-01-23 10:03:39,573 - INFO - 发现 2 个xlsx文件
2026-01-23 10:03:49,578 - INFO - 发现 2 个xlsx文件
2026-01-23 10:03:59,589 - INFO - 发现 2 个xlsx文件
2026-01-23 10:04:09,599 - INFO - 发现 2 个xlsx文件
2026-01-23 10:04:19,606 - INFO - 发现 2 个xlsx文件
2026-01-23 10:04:29,615 - INFO - 发现 2 个xlsx文件
2026-01-23 10:04:39,637 - INFO - 发现 2 个xlsx文件
2026-01-23 10:04:49,652 - INFO - 发现 2 个xlsx文件
2026-01-23 10:04:59,659 - INFO - 发现 2 个xlsx文件
2026-01-23 10:05:09,666 - INFO - 发现 2 个xlsx文件
2026-01-23 10:05:19,679 - INFO - 发现 2 个xlsx文件
2026-01-23 10:05:29,691 - INFO - 发现 2 个xlsx文件
2026-01-23 10:05:39,698 - INFO - 发现 2 个xlsx文件
2026-01-23 10:05:49,704 - INFO - 发现 2 个xlsx文件
2026-01-23 10:05:59,711 - INFO - 发现 2 个xlsx文件
2026-01-23 10:06:09,717 - INFO - 发现 2 个xlsx文件
2026-01-23 10:06:19,724 - INFO - 发现 2 个xlsx文件
2026-01-23 10:06:29,732 - INFO - 发现 2 个xlsx文件
2026-01-23 10:06:39,736 - INFO - 发现 2 个xlsx文件
2026-01-23 10:06:49,743 - INFO - 发现 2 个xlsx文件
2026-01-23 10:06:59,749 - INFO - 发现 2 个xlsx文件
2026-01-23 10:07:09,753 - INFO - 发现 2 个xlsx文件
2026-01-23 10:07:19,760 - INFO - 发现 2 个xlsx文件
2026-01-23 10:07:29,765 - INFO - 发现 2 个xlsx文件
2026-01-23 10:07:39,784 - INFO - 发现 2 个xlsx文件
2026-01-23 10:07:49,793 - INFO - 发现 2 个xlsx文件
2026-01-23 10:07:59,801 - INFO - 发现 2 个xlsx文件
2026-01-23 10:08:09,809 - INFO - 发现 2 个xlsx文件
2026-01-23 10:08:19,817 - INFO - 发现 2 个xlsx文件
2026-01-23 10:08:29,822 - INFO - 发现 2 个xlsx文件
2026-01-23 10:08:39,827 - INFO - 发现 2 个xlsx文件
2026-01-23 10:08:49,847 - INFO - 发现 2 个xlsx文件
2026-01-23 10:08:59,854 - INFO - 发现 2 个xlsx文件
2026-01-23 10:09:09,859 - INFO - 发现 2 个xlsx文件
2026-01-23 10:09:19,866 - INFO - 发现 2 个xlsx文件
2026-01-23 10:09:29,872 - INFO - 发现 2 个xlsx文件
2026-01-23 10:09:39,878 - INFO - 发现 2 个xlsx文件
2026-01-23 10:09:49,884 - INFO - 发现 2 个xlsx文件
2026-01-23 10:09:59,890 - INFO - 发现 2 个xlsx文件
2026-01-23 10:10:09,898 - INFO - 发现 2 个xlsx文件
2026-01-23 10:10:19,906 - INFO - 发现 2 个xlsx文件
2026-01-23 10:10:29,915 - INFO - 发现 2 个xlsx文件
2026-01-23 10:10:39,920 - INFO - 发现 2 个xlsx文件
2026-01-23 10:10:49,936 - INFO - 发现 2 个xlsx文件
2026-01-23 10:10:59,945 - INFO - 发现 2 个xlsx文件
2026-01-23 10:11:09,951 - INFO - 发现 2 个xlsx文件
2026-01-23 10:11:19,961 - INFO - 发现 2 个xlsx文件
2026-01-23 10:11:29,967 - INFO - 发现 2 个xlsx文件
2026-01-23 10:11:39,974 - INFO - 发现 2 个xlsx文件
2026-01-23 10:11:49,987 - INFO - 发现 2 个xlsx文件
2026-01-23 10:11:59,998 - INFO - 发现 2 个xlsx文件
2026-01-23 10:12:10,003 - INFO - 发现 2 个xlsx文件
2026-01-23 10:12:20,008 - INFO - 发现 2 个xlsx文件
2026-01-23 10:12:30,044 - INFO - 发现 2 个xlsx文件
2026-01-23 10:12:40,049 - INFO - 发现 2 个xlsx文件
2026-01-23 10:12:50,102 - INFO - 发现 2 个xlsx文件
2026-01-23 10:13:00,149 - INFO - 发现 2 个xlsx文件
2026-01-23 10:13:10,154 - INFO - 发现 2 个xlsx文件
2026-01-23 10:13:20,161 - INFO - 发现 2 个xlsx文件
2026-01-23 10:13:30,167 - INFO - 发现 2 个xlsx文件
2026-01-23 10:13:40,179 - INFO - 发现 2 个xlsx文件
2026-01-23 10:13:50,188 - INFO - 发现 2 个xlsx文件
2026-01-23 10:14:00,195 - INFO - 发现 2 个xlsx文件
2026-01-23 10:14:10,202 - INFO - 发现 2 个xlsx文件
2026-01-23 10:14:20,209 - INFO - 发现 2 个xlsx文件
2026-01-23 10:14:30,228 - INFO - 发现 2 个xlsx文件
2026-01-23 10:14:40,282 - INFO - 发现 2 个xlsx文件
2026-01-23 10:14:50,321 - INFO - 发现 2 个xlsx文件
2026-01-23 10:15:00,329 - INFO - 发现 2 个xlsx文件
2026-01-23 10:15:10,336 - INFO - 发现 2 个xlsx文件
2026-01-23 10:15:20,345 - INFO - 发现 2 个xlsx文件
2026-01-23 10:15:30,362 - INFO - 发现 2 个xlsx文件
2026-01-23 10:15:40,375 - INFO - 发现 2 个xlsx文件
2026-01-23 10:15:50,392 - INFO - 发现 2 个xlsx文件
2026-01-23 10:16:00,400 - INFO - 发现 2 个xlsx文件
2026-01-23 10:16:10,408 - INFO - 发现 2 个xlsx文件
2026-01-23 10:16:20,415 - INFO - 发现 2 个xlsx文件
2026-01-23 10:16:30,425 - INFO - 发现 2 个xlsx文件
2026-01-23 10:16:40,434 - INFO - 发现 2 个xlsx文件
2026-01-23 10:16:50,442 - INFO - 发现 2 个xlsx文件
2026-01-23 10:17:00,452 - INFO - 发现 2 个xlsx文件
2026-01-23 10:17:10,472 - INFO - 发现 2 个xlsx文件
2026-01-23 10:17:20,479 - INFO - 发现 2 个xlsx文件
2026-01-23 10:17:30,488 - INFO - 发现 2 个xlsx文件
2026-01-23 10:17:40,497 - INFO - 发现 2 个xlsx文件
2026-01-23 10:17:50,505 - INFO - 发现 2 个xlsx文件
2026-01-23 10:18:00,531 - INFO - 发现 2 个xlsx文件
2026-01-23 10:18:10,557 - INFO - 发现 2 个xlsx文件
2026-01-23 10:18:20,565 - INFO - 发现 2 个xlsx文件
2026-01-23 10:18:30,572 - INFO - 发现 2 个xlsx文件
2026-01-23 10:18:40,585 - INFO - 发现 2 个xlsx文件
2026-01-23 10:18:50,593 - INFO - 发现 2 个xlsx文件
2026-01-23 10:19:00,601 - INFO - 发现 2 个xlsx文件
2026-01-23 10:19:10,613 - INFO - 发现 2 个xlsx文件
2026-01-23 10:19:20,619 - INFO - 发现 2 个xlsx文件
2026-01-23 10:19:30,632 - INFO - 发现 2 个xlsx文件
2026-01-23 10:19:40,643 - INFO - 发现 2 个xlsx文件
2026-01-23 10:19:50,651 - INFO - 发现 2 个xlsx文件
2026-01-23 10:20:00,658 - INFO - 发现 2 个xlsx文件
2026-01-23 10:20:10,682 - INFO - 发现 2 个xlsx文件
2026-01-23 10:20:20,690 - INFO - 发现 2 个xlsx文件
2026-01-23 10:20:30,696 - INFO - 发现 2 个xlsx文件
2026-01-23 10:20:40,716 - INFO - 发现 2 个xlsx文件
2026-01-23 10:20:50,726 - INFO - 发现 2 个xlsx文件
2026-01-23 10:21:00,735 - INFO - 发现 2 个xlsx文件
2026-01-23 10:21:10,743 - INFO - 发现 2 个xlsx文件
2026-01-23 10:21:20,752 - INFO - 发现 2 个xlsx文件
2026-01-23 10:21:30,766 - INFO - 发现 2 个xlsx文件
2026-01-23 10:21:40,774 - INFO - 发现 2 个xlsx文件
2026-01-23 10:21:50,782 - INFO - 发现 2 个xlsx文件
2026-01-23 10:22:00,793 - INFO - 发现 2 个xlsx文件
2026-01-23 10:22:10,800 - INFO - 发现 2 个xlsx文件
2026-01-23 10:22:20,805 - INFO - 发现 2 个xlsx文件
2026-01-23 10:22:30,811 - INFO - 发现 2 个xlsx文件
2026-01-23 10:22:40,827 - INFO - 发现 2 个xlsx文件
2026-01-23 10:22:50,833 - INFO - 发现 2 个xlsx文件
2026-01-23 10:23:00,839 - INFO - 发现 2 个xlsx文件
2026-01-23 10:23:10,844 - INFO - 发现 2 个xlsx文件
2026-01-23 10:23:20,850 - INFO - 发现 2 个xlsx文件
2026-01-23 10:23:30,870 - INFO - 发现 2 个xlsx文件
2026-01-23 10:23:40,908 - INFO - 发现 2 个xlsx文件
2026-01-23 10:23:50,914 - INFO - 发现 2 个xlsx文件
2026-01-23 10:24:01,123 - INFO - 发现 2 个xlsx文件
2026-01-23 10:24:11,139 - INFO - 发现 2 个xlsx文件
2026-01-23 10:24:21,146 - INFO - 发现 2 个xlsx文件
2026-01-23 10:24:31,151 - INFO - 发现 2 个xlsx文件
2026-01-23 10:24:41,157 - INFO - 发现 2 个xlsx文件
2026-01-23 10:24:51,173 - INFO - 发现 2 个xlsx文件
2026-01-23 10:25:01,179 - INFO - 发现 2 个xlsx文件
2026-01-23 10:25:11,421 - INFO - 发现 2 个xlsx文件
2026-01-23 10:25:21,464 - INFO - 发现 2 个xlsx文件
2026-01-23 10:25:31,554 - INFO - 发现 2 个xlsx文件
2026-01-23 10:25:41,563 - INFO - 发现 2 个xlsx文件
2026-01-23 10:25:51,571 - INFO - 发现 2 个xlsx文件
2026-01-23 10:26:01,718 - INFO - 发现 2 个xlsx文件
2026-01-23 10:26:11,729 - INFO - 发现 2 个xlsx文件
2026-01-23 10:26:21,741 - INFO - 发现 2 个xlsx文件
2026-01-23 10:26:31,748 - INFO - 发现 2 个xlsx文件
2026-01-23 10:26:41,754 - INFO - 发现 2 个xlsx文件
2026-01-23 10:26:51,759 - INFO - 发现 2 个xlsx文件
2026-01-23 10:27:01,770 - INFO - 发现 2 个xlsx文件
2026-01-23 10:27:11,777 - INFO - 发现 2 个xlsx文件
2026-01-23 10:27:21,782 - INFO - 发现 2 个xlsx文件
2026-01-23 10:27:31,790 - INFO - 发现 2 个xlsx文件
2026-01-23 10:27:41,798 - INFO - 发现 2 个xlsx文件
2026-01-23 10:27:51,807 - INFO - 发现 2 个xlsx文件
2026-01-23 10:28:01,814 - INFO - 发现 2 个xlsx文件
2026-01-23 10:28:11,823 - INFO - 发现 2 个xlsx文件
2026-01-23 10:28:21,833 - INFO - 发现 2 个xlsx文件
2026-01-23 10:28:31,839 - INFO - 发现 2 个xlsx文件
2026-01-23 10:28:41,846 - INFO - 发现 2 个xlsx文件
2026-01-23 10:28:51,852 - INFO - 发现 2 个xlsx文件
2026-01-23 10:29:01,859 - INFO - 发现 2 个xlsx文件
2026-01-23 10:29:11,865 - INFO - 发现 2 个xlsx文件
2026-01-23 10:29:21,872 - INFO - 发现 2 个xlsx文件
2026-01-23 10:29:31,892 - INFO - 发现 2 个xlsx文件
2026-01-23 10:29:41,900 - INFO - 发现 2 个xlsx文件
2026-01-23 10:29:51,909 - INFO - 发现 2 个xlsx文件
2026-01-23 10:30:01,917 - INFO - 发现 2 个xlsx文件
2026-01-23 10:30:11,924 - INFO - 发现 2 个xlsx文件
2026-01-23 10:30:21,946 - INFO - 发现 2 个xlsx文件
2026-01-23 10:30:31,953 - INFO - 发现 2 个xlsx文件
2026-01-23 10:30:41,967 - INFO - 发现 2 个xlsx文件
2026-01-23 10:30:51,981 - INFO - 发现 2 个xlsx文件
2026-01-23 10:31:01,987 - INFO - 发现 2 个xlsx文件
2026-01-23 10:31:11,993 - INFO - 发现 2 个xlsx文件
2026-01-23 10:31:22,001 - INFO - 发现 2 个xlsx文件
2026-01-23 10:31:32,007 - INFO - 发现 2 个xlsx文件
2026-01-23 10:31:42,020 - INFO - 发现 2 个xlsx文件
2026-01-23 10:31:52,034 - INFO - 发现 2 个xlsx文件
2026-01-23 10:32:02,047 - INFO - 发现 2 个xlsx文件
2026-01-23 10:32:12,055 - INFO - 发现 2 个xlsx文件
2026-01-23 10:32:22,063 - INFO - 发现 2 个xlsx文件
2026-01-23 10:32:32,068 - INFO - 发现 2 个xlsx文件
2026-01-23 10:32:42,074 - INFO - 发现 2 个xlsx文件
2026-01-23 10:32:52,084 - INFO - 发现 2 个xlsx文件
2026-01-23 10:33:02,096 - INFO - 发现 2 个xlsx文件
2026-01-23 10:33:12,125 - INFO - 发现 2 个xlsx文件
2026-01-23 10:33:22,144 - INFO - 发现 2 个xlsx文件
2026-01-23 10:33:32,156 - INFO - 发现 2 个xlsx文件
2026-01-23 10:33:42,179 - INFO - 发现 2 个xlsx文件
2026-01-23 10:33:52,189 - INFO - 发现 2 个xlsx文件
2026-01-23 10:34:02,198 - INFO - 发现 2 个xlsx文件
2026-01-23 10:34:12,217 - INFO - 发现 2 个xlsx文件
2026-01-23 10:34:22,242 - INFO - 发现 2 个xlsx文件
2026-01-23 10:34:32,252 - INFO - 发现 2 个xlsx文件
2026-01-23 10:34:42,277 - INFO - 发现 2 个xlsx文件
2026-01-23 10:34:52,298 - INFO - 发现 2 个xlsx文件
2026-01-23 10:35:02,321 - INFO - 发现 2 个xlsx文件
2026-01-23 10:35:12,332 - INFO - 发现 2 个xlsx文件
2026-01-23 10:35:22,365 - INFO - 发现 2 个xlsx文件
2026-01-23 10:35:32,385 - INFO - 发现 2 个xlsx文件
2026-01-23 10:35:42,394 - INFO - 发现 2 个xlsx文件
2026-01-23 10:35:52,401 - INFO - 发现 2 个xlsx文件
2026-01-23 10:36:02,406 - INFO - 发现 2 个xlsx文件
2026-01-23 10:36:12,416 - INFO - 发现 2 个xlsx文件
2026-01-23 10:36:22,423 - INFO - 发现 2 个xlsx文件
2026-01-23 10:36:32,435 - INFO - 发现 2 个xlsx文件
2026-01-23 10:36:42,457 - INFO - 发现 2 个xlsx文件
2026-01-23 10:36:52,465 - INFO - 发现 2 个xlsx文件
2026-01-23 10:37:02,472 - INFO - 发现 2 个xlsx文件
2026-01-23 10:37:12,478 - INFO - 发现 2 个xlsx文件
2026-01-23 10:37:22,486 - INFO - 发现 2 个xlsx文件
2026-01-23 10:37:32,495 - INFO - 发现 2 个xlsx文件
2026-01-23 10:37:42,502 - INFO - 发现 2 个xlsx文件
2026-01-23 10:37:52,510 - INFO - 发现 2 个xlsx文件
2026-01-23 10:38:02,517 - INFO - 发现 2 个xlsx文件
2026-01-23 10:38:12,533 - INFO - 发现 2 个xlsx文件
2026-01-23 10:38:22,542 - INFO - 发现 2 个xlsx文件
2026-01-23 10:38:32,548 - INFO - 发现 2 个xlsx文件
2026-01-23 10:38:42,561 - INFO - 发现 2 个xlsx文件
2026-01-23 10:38:52,567 - INFO - 发现 2 个xlsx文件
2026-01-23 10:39:02,572 - INFO - 发现 2 个xlsx文件
2026-01-23 10:39:12,585 - INFO - 发现 2 个xlsx文件
2026-01-23 10:39:22,591 - INFO - 发现 2 个xlsx文件
2026-01-23 10:39:32,598 - INFO - 发现 2 个xlsx文件
2026-01-23 10:39:42,604 - INFO - 发现 2 个xlsx文件
2026-01-23 10:39:52,611 - INFO - 发现 2 个xlsx文件
2026-01-23 10:40:02,619 - INFO - 发现 2 个xlsx文件
2026-01-23 10:40:12,629 - INFO - 发现 2 个xlsx文件
2026-01-23 10:40:22,637 - INFO - 发现 2 个xlsx文件
2026-01-23 10:40:32,662 - INFO - 发现 2 个xlsx文件
2026-01-23 10:40:42,670 - INFO - 发现 2 个xlsx文件
2026-01-23 10:40:52,676 - INFO - 发现 2 个xlsx文件
2026-01-23 10:41:02,685 - INFO - 发现 2 个xlsx文件
2026-01-23 10:41:12,691 - INFO - 发现 2 个xlsx文件
2026-01-23 10:41:22,697 - INFO - 发现 2 个xlsx文件
2026-01-23 10:41:32,719 - INFO - 发现 2 个xlsx文件
2026-01-23 10:41:42,733 - INFO - 发现 2 个xlsx文件
2026-01-23 10:41:52,746 - INFO - 发现 2 个xlsx文件
2026-01-23 10:42:02,761 - INFO - 发现 2 个xlsx文件
2026-01-23 10:42:12,768 - INFO - 发现 2 个xlsx文件
2026-01-23 10:42:22,775 - INFO - 发现 2 个xlsx文件
2026-01-23 10:42:32,780 - INFO - 发现 2 个xlsx文件
2026-01-23 10:42:42,804 - INFO - 发现 2 个xlsx文件
2026-01-23 10:42:52,827 - INFO - 发现 2 个xlsx文件
2026-01-23 10:43:02,834 - INFO - 发现 2 个xlsx文件
2026-01-23 10:43:12,840 - INFO - 发现 2 个xlsx文件
2026-01-23 10:43:22,847 - INFO - 发现 2 个xlsx文件
2026-01-23 10:43:32,853 - INFO - 发现 2 个xlsx文件
2026-01-23 10:43:42,859 - INFO - 发现 2 个xlsx文件
2026-01-23 10:43:52,872 - INFO - 发现 2 个xlsx文件
2026-01-23 10:44:02,883 - INFO - 发现 2 个xlsx文件
2026-01-23 10:44:12,919 - INFO - 发现 2 个xlsx文件
2026-01-23 10:44:22,927 - INFO - 发现 2 个xlsx文件
2026-01-23 10:44:32,932 - INFO - 发现 2 个xlsx文件
2026-01-23 10:44:42,939 - INFO - 发现 2 个xlsx文件
2026-01-23 10:44:52,947 - INFO - 发现 2 个xlsx文件
2026-01-23 10:45:02,961 - INFO - 发现 2 个xlsx文件
2026-01-23 10:45:12,970 - INFO - 发现 2 个xlsx文件
2026-01-23 10:45:22,977 - INFO - 发现 2 个xlsx文件
2026-01-23 10:45:32,983 - INFO - 发现 2 个xlsx文件
2026-01-23 10:45:42,996 - INFO - 发现 2 个xlsx文件
2026-01-23 10:45:53,006 - INFO - 发现 2 个xlsx文件
2026-01-23 10:46:03,015 - INFO - 发现 2 个xlsx文件
2026-01-23 10:46:13,021 - INFO - 发现 2 个xlsx文件
2026-01-23 10:46:23,031 - INFO - 发现 2 个xlsx文件
2026-01-23 10:46:33,039 - INFO - 发现 2 个xlsx文件
2026-01-23 10:46:43,067 - INFO - 发现 2 个xlsx文件
2026-01-23 10:46:53,081 - INFO - 发现 2 个xlsx文件
2026-01-23 10:47:03,089 - INFO - 发现 2 个xlsx文件
2026-01-23 10:47:13,096 - INFO - 发现 2 个xlsx文件
2026-01-23 10:47:23,104 - INFO - 发现 2 个xlsx文件
2026-01-23 10:47:33,112 - INFO - 发现 2 个xlsx文件
2026-01-23 10:47:43,162 - INFO - 发现 2 个xlsx文件
2026-01-23 10:47:53,171 - INFO - 发现 2 个xlsx文件
2026-01-23 10:48:03,178 - INFO - 发现 2 个xlsx文件
2026-01-23 10:48:13,185 - INFO - 发现 2 个xlsx文件
2026-01-23 10:48:23,191 - INFO - 发现 2 个xlsx文件
2026-01-23 10:48:33,198 - INFO - 发现 2 个xlsx文件
2026-01-23 10:48:43,209 - INFO - 发现 2 个xlsx文件
2026-01-23 10:48:53,216 - INFO - 发现 2 个xlsx文件
2026-01-23 10:49:03,226 - INFO - 发现 2 个xlsx文件
2026-01-23 10:49:13,232 - INFO - 发现 2 个xlsx文件
2026-01-23 10:49:23,245 - INFO - 发现 2 个xlsx文件
2026-01-23 10:49:33,253 - INFO - 发现 2 个xlsx文件
2026-01-23 10:49:43,261 - INFO - 发现 2 个xlsx文件
2026-01-23 10:49:53,268 - INFO - 发现 2 个xlsx文件
2026-01-23 10:50:03,275 - INFO - 发现 2 个xlsx文件
2026-01-23 10:50:13,285 - INFO - 发现 2 个xlsx文件
2026-01-23 10:50:23,292 - INFO - 发现 2 个xlsx文件
2026-01-23 10:50:33,304 - INFO - 发现 2 个xlsx文件
2026-01-23 10:50:43,328 - INFO - 发现 2 个xlsx文件
2026-01-23 10:50:53,338 - INFO - 发现 2 个xlsx文件
2026-01-23 10:51:03,353 - INFO - 发现 2 个xlsx文件
2026-01-23 10:51:13,378 - INFO - 发现 2 个xlsx文件
2026-01-23 10:51:23,389 - INFO - 发现 2 个xlsx文件
2026-01-23 10:51:33,397 - INFO - 发现 2 个xlsx文件
2026-01-23 10:51:43,406 - INFO - 发现 2 个xlsx文件
2026-01-23 10:51:53,413 - INFO - 发现 2 个xlsx文件
2026-01-23 10:52:03,436 - INFO - 发现 2 个xlsx文件
2026-01-23 10:52:13,446 - INFO - 发现 2 个xlsx文件
2026-01-23 10:52:23,452 - INFO - 发现 2 个xlsx文件
2026-01-23 10:52:33,477 - INFO - 发现 2 个xlsx文件
2026-01-23 10:52:43,486 - INFO - 发现 2 个xlsx文件
2026-01-23 10:52:53,496 - INFO - 发现 2 个xlsx文件
2026-01-23 10:53:03,521 - INFO - 发现 2 个xlsx文件
2026-01-23 10:53:13,528 - INFO - 发现 2 个xlsx文件
2026-01-23 10:53:23,535 - INFO - 发现 2 个xlsx文件
2026-01-23 10:53:33,541 - INFO - 发现 2 个xlsx文件
2026-01-23 10:53:43,553 - INFO - 发现 2 个xlsx文件
2026-01-23 10:53:53,561 - INFO - 发现 2 个xlsx文件
2026-01-23 10:54:03,585 - INFO - 发现 2 个xlsx文件
2026-01-23 10:54:13,596 - INFO - 发现 2 个xlsx文件
2026-01-23 10:54:23,602 - INFO - 发现 2 个xlsx文件
2026-01-23 10:54:33,626 - INFO - 发现 2 个xlsx文件
2026-01-23 10:54:43,634 - INFO - 发现 2 个xlsx文件
2026-01-23 10:54:53,640 - INFO - 发现 2 个xlsx文件
2026-01-23 10:55:03,648 - INFO - 发现 2 个xlsx文件
2026-01-23 10:55:13,655 - INFO - 发现 2 个xlsx文件
2026-01-23 10:55:23,662 - INFO - 发现 2 个xlsx文件
2026-01-23 10:55:33,669 - INFO - 发现 2 个xlsx文件
2026-01-23 10:55:43,674 - INFO - 发现 2 个xlsx文件
2026-01-23 10:55:53,682 - INFO - 发现 2 个xlsx文件
2026-01-23 10:56:03,689 - INFO - 发现 2 个xlsx文件
2026-01-23 10:56:13,711 - INFO - 发现 2 个xlsx文件
2026-01-23 10:56:23,728 - INFO - 发现 2 个xlsx文件
2026-01-23 10:56:33,740 - INFO - 发现 2 个xlsx文件
2026-01-23 10:56:43,746 - INFO - 发现 2 个xlsx文件
2026-01-23 10:56:53,754 - INFO - 发现 2 个xlsx文件
2026-01-23 10:57:03,762 - INFO - 发现 2 个xlsx文件
2026-01-23 10:57:13,778 - INFO - 发现 2 个xlsx文件
2026-01-23 10:57:23,786 - INFO - 发现 2 个xlsx文件
2026-01-23 10:57:33,793 - INFO - 发现 2 个xlsx文件
2026-01-23 10:57:43,801 - INFO - 发现 2 个xlsx文件
2026-01-23 10:57:53,812 - INFO - 发现 2 个xlsx文件
2026-01-23 10:58:03,822 - INFO - 发现 2 个xlsx文件
2026-01-23 10:58:13,827 - INFO - 发现 2 个xlsx文件
2026-01-23 10:58:23,856 - INFO - 发现 2 个xlsx文件
2026-01-23 10:58:33,870 - INFO - 发现 2 个xlsx文件
2026-01-23 10:58:43,881 - INFO - 发现 2 个xlsx文件
2026-01-23 10:58:53,888 - INFO - 发现 2 个xlsx文件
2026-01-23 10:59:03,893 - INFO - 发现 2 个xlsx文件
2026-01-23 10:59:13,902 - INFO - 发现 2 个xlsx文件
2026-01-23 10:59:23,910 - INFO - 发现 2 个xlsx文件
2026-01-23 10:59:33,919 - INFO - 发现 2 个xlsx文件
2026-01-23 10:59:43,933 - INFO - 发现 2 个xlsx文件
2026-01-23 10:59:53,945 - INFO - 发现 2 个xlsx文件
2026-01-23 11:00:03,962 - INFO - 发现 2 个xlsx文件
2026-01-23 11:00:13,972 - INFO - 发现 2 个xlsx文件
2026-01-23 11:00:23,978 - INFO - 发现 2 个xlsx文件
2026-01-23 11:00:33,983 - INFO - 发现 2 个xlsx文件
2026-01-23 11:00:43,998 - INFO - 发现 2 个xlsx文件
2026-01-23 11:00:54,018 - INFO - 发现 2 个xlsx文件
2026-01-23 11:01:04,032 - INFO - 发现 2 个xlsx文件
2026-01-23 11:01:14,042 - INFO - 发现 2 个xlsx文件
2026-01-23 11:01:24,057 - INFO - 发现 2 个xlsx文件
2026-01-23 11:01:34,067 - INFO - 发现 2 个xlsx文件
2026-01-23 11:01:44,072 - INFO - 发现 2 个xlsx文件
2026-01-23 11:01:54,080 - INFO - 发现 2 个xlsx文件
2026-01-23 11:02:04,090 - INFO - 发现 2 个xlsx文件
2026-01-23 11:02:14,099 - INFO - 发现 2 个xlsx文件
2026-01-23 11:02:24,116 - INFO - 发现 2 个xlsx文件
2026-01-23 11:02:34,125 - INFO - 发现 2 个xlsx文件
2026-01-23 11:02:44,132 - INFO - 发现 2 个xlsx文件
2026-01-23 11:02:54,148 - INFO - 发现 2 个xlsx文件
2026-01-23 11:03:04,164 - INFO - 发现 2 个xlsx文件
2026-01-23 11:03:14,172 - INFO - 发现 2 个xlsx文件
2026-01-23 11:03:24,177 - INFO - 发现 2 个xlsx文件
2026-01-23 11:03:34,183 - INFO - 发现 2 个xlsx文件
2026-01-23 11:03:44,191 - INFO - 发现 2 个xlsx文件
2026-01-23 11:03:54,197 - INFO - 发现 2 个xlsx文件
2026-01-23 11:04:04,207 - INFO - 发现 2 个xlsx文件
2026-01-23 11:04:14,216 - INFO - 发现 2 个xlsx文件
2026-01-23 11:04:24,222 - INFO - 发现 2 个xlsx文件
2026-01-23 11:04:34,238 - INFO - 发现 2 个xlsx文件
2026-01-23 11:04:44,254 - INFO - 发现 2 个xlsx文件
2026-01-23 11:04:54,289 - INFO - 发现 2 个xlsx文件
2026-01-23 11:05:04,309 - INFO - 发现 2 个xlsx文件
2026-01-23 11:05:14,325 - INFO - 发现 2 个xlsx文件
2026-01-23 11:05:24,339 - INFO - 发现 2 个xlsx文件
2026-01-23 11:05:34,349 - INFO - 发现 2 个xlsx文件
2026-01-23 11:05:44,356 - INFO - 发现 2 个xlsx文件
2026-01-23 11:05:54,367 - INFO - 发现 2 个xlsx文件
2026-01-23 11:06:04,375 - INFO - 发现 2 个xlsx文件
2026-01-23 11:06:14,383 - INFO - 发现 2 个xlsx文件
2026-01-23 11:06:24,391 - INFO - 发现 2 个xlsx文件
2026-01-23 11:06:34,411 - INFO - 发现 2 个xlsx文件
2026-01-23 11:06:44,433 - INFO - 发现 2 个xlsx文件
2026-01-23 11:06:54,440 - INFO - 发现 2 个xlsx文件
2026-01-23 11:07:04,445 - INFO - 发现 2 个xlsx文件
2026-01-23 11:07:14,453 - INFO - 发现 2 个xlsx文件
2026-01-23 11:07:24,458 - INFO - 发现 2 个xlsx文件
2026-01-23 11:07:34,466 - INFO - 发现 2 个xlsx文件
2026-01-23 11:07:44,471 - INFO - 发现 2 个xlsx文件
2026-01-23 11:07:54,485 - INFO - 发现 2 个xlsx文件
2026-01-23 11:08:04,492 - INFO - 发现 2 个xlsx文件
2026-01-23 11:08:14,499 - INFO - 发现 2 个xlsx文件
2026-01-23 11:08:24,508 - INFO - 发现 2 个xlsx文件
2026-01-23 11:08:34,516 - INFO - 发现 2 个xlsx文件
2026-01-23 11:08:44,524 - INFO - 发现 2 个xlsx文件
2026-01-23 11:08:54,531 - INFO - 发现 2 个xlsx文件
2026-01-23 11:09:04,552 - INFO - 发现 2 个xlsx文件
2026-01-23 11:09:14,573 - INFO - 发现 2 个xlsx文件
2026-01-23 11:09:24,579 - INFO - 发现 2 个xlsx文件
2026-01-23 11:09:34,647 - INFO - 发现 2 个xlsx文件
2026-01-23 11:09:44,663 - INFO - 发现 2 个xlsx文件
2026-01-23 11:09:54,678 - INFO - 发现 2 个xlsx文件
2026-01-23 11:10:04,684 - INFO - 发现 2 个xlsx文件
2026-01-23 11:10:14,690 - INFO - 发现 2 个xlsx文件
2026-01-23 11:10:24,698 - INFO - 发现 2 个xlsx文件
2026-01-23 11:10:34,711 - INFO - 发现 2 个xlsx文件
2026-01-23 11:10:44,728 - INFO - 发现 2 个xlsx文件
2026-01-23 11:10:54,736 - INFO - 发现 2 个xlsx文件
2026-01-23 11:11:04,747 - INFO - 发现 2 个xlsx文件
2026-01-23 11:11:14,755 - INFO - 发现 2 个xlsx文件
2026-01-23 11:11:24,764 - INFO - 发现 2 个xlsx文件
2026-01-23 11:11:34,770 - INFO - 发现 2 个xlsx文件
2026-01-23 11:11:44,778 - INFO - 发现 2 个xlsx文件
2026-01-23 11:11:54,784 - INFO - 发现 2 个xlsx文件
2026-01-23 11:12:04,793 - INFO - 发现 2 个xlsx文件
2026-01-23 11:12:14,801 - INFO - 发现 2 个xlsx文件
2026-01-23 11:12:24,807 - INFO - 发现 2 个xlsx文件
2026-01-23 11:12:34,812 - INFO - 发现 2 个xlsx文件
2026-01-23 11:12:44,820 - INFO - 发现 2 个xlsx文件
2026-01-23 11:12:54,828 - INFO - 发现 2 个xlsx文件
2026-01-23 11:13:04,857 - INFO - 发现 2 个xlsx文件
2026-01-23 11:13:14,869 - INFO - 发现 2 个xlsx文件
2026-01-23 11:13:24,877 - INFO - 发现 2 个xlsx文件
2026-01-23 11:13:34,887 - INFO - 发现 2 个xlsx文件
2026-01-23 11:13:44,900 - INFO - 发现 2 个xlsx文件
2026-01-23 11:13:54,908 - INFO - 发现 2 个xlsx文件
2026-01-23 11:14:04,916 - INFO - 发现 2 个xlsx文件
2026-01-23 11:14:14,924 - INFO - 发现 2 个xlsx文件
2026-01-23 11:14:24,933 - INFO - 发现 2 个xlsx文件
2026-01-23 11:14:34,944 - INFO - 发现 2 个xlsx文件
2026-01-23 11:14:44,951 - INFO - 发现 2 个xlsx文件
2026-01-23 11:14:54,963 - INFO - 发现 2 个xlsx文件
2026-01-23 11:15:04,970 - INFO - 发现 2 个xlsx文件
2026-01-23 11:15:14,977 - INFO - 发现 2 个xlsx文件
2026-01-23 11:15:24,986 - INFO - 发现 2 个xlsx文件
2026-01-23 11:15:35,010 - INFO - 发现 2 个xlsx文件
2026-01-23 11:15:45,030 - INFO - 发现 2 个xlsx文件
2026-01-23 11:15:55,041 - INFO - 发现 2 个xlsx文件
2026-01-23 11:16:05,081 - INFO - 发现 2 个xlsx文件
2026-01-23 11:16:15,092 - INFO - 发现 2 个xlsx文件
2026-01-23 11:16:25,102 - INFO - 发现 2 个xlsx文件
2026-01-23 11:16:35,136 - INFO - 发现 2 个xlsx文件
2026-01-23 11:16:45,146 - INFO - 发现 2 个xlsx文件
2026-01-23 11:16:55,152 - INFO - 发现 2 个xlsx文件
2026-01-23 11:17:05,165 - INFO - 发现 2 个xlsx文件
2026-01-23 11:17:15,171 - INFO - 发现 2 个xlsx文件
2026-01-23 11:17:25,182 - INFO - 发现 2 个xlsx文件
2026-01-23 11:17:35,188 - INFO - 发现 2 个xlsx文件
2026-01-23 11:17:45,194 - INFO - 发现 2 个xlsx文件
2026-01-23 11:17:55,206 - INFO - 发现 2 个xlsx文件
2026-01-23 11:18:05,215 - INFO - 发现 2 个xlsx文件
2026-01-23 11:18:15,223 - INFO - 发现 2 个xlsx文件
2026-01-23 11:18:25,230 - INFO - 发现 2 个xlsx文件
2026-01-23 11:18:35,236 - INFO - 发现 2 个xlsx文件
2026-01-23 11:18:45,242 - INFO - 发现 2 个xlsx文件
2026-01-23 11:18:55,248 - INFO - 发现 2 个xlsx文件
2026-01-23 11:19:05,253 - INFO - 发现 2 个xlsx文件
2026-01-23 11:19:15,267 - INFO - 发现 2 个xlsx文件
2026-01-23 11:19:25,287 - INFO - 发现 2 个xlsx文件
2026-01-23 11:19:35,307 - INFO - 发现 2 个xlsx文件
2026-01-23 11:19:45,317 - INFO - 发现 2 个xlsx文件
2026-01-23 11:19:55,328 - INFO - 发现 2 个xlsx文件
2026-01-23 11:20:05,335 - INFO - 发现 2 个xlsx文件
2026-01-23 11:20:15,342 - INFO - 发现 2 个xlsx文件
2026-01-23 11:20:25,352 - INFO - 发现 2 个xlsx文件
2026-01-23 11:20:35,359 - INFO - 发现 2 个xlsx文件
2026-01-23 11:20:45,368 - INFO - 发现 2 个xlsx文件
2026-01-23 11:20:55,382 - INFO - 发现 2 个xlsx文件
2026-01-23 11:21:05,399 - INFO - 发现 2 个xlsx文件
2026-01-23 11:21:15,421 - INFO - 发现 2 个xlsx文件
2026-01-23 11:21:25,426 - INFO - 发现 2 个xlsx文件
2026-01-23 11:21:35,431 - INFO - 发现 2 个xlsx文件
2026-01-23 11:21:45,439 - INFO - 发现 2 个xlsx文件
2026-01-23 11:21:55,449 - INFO - 发现 2 个xlsx文件
2026-01-23 11:22:05,456 - INFO - 发现 2 个xlsx文件
2026-01-23 11:22:15,462 - INFO - 发现 2 个xlsx文件
2026-01-23 11:22:25,467 - INFO - 发现 2 个xlsx文件
2026-01-23 11:22:35,472 - INFO - 发现 2 个xlsx文件
2026-01-23 11:22:45,477 - INFO - 发现 2 个xlsx文件
2026-01-23 11:22:55,493 - INFO - 发现 2 个xlsx文件
2026-01-23 11:23:05,504 - INFO - 发现 2 个xlsx文件
2026-01-23 11:23:15,510 - INFO - 发现 2 个xlsx文件
2026-01-23 11:23:25,516 - INFO - 发现 2 个xlsx文件
2026-01-23 11:23:35,538 - INFO - 发现 2 个xlsx文件
2026-01-23 11:23:45,545 - INFO - 发现 2 个xlsx文件
2026-01-23 11:23:55,552 - INFO - 发现 2 个xlsx文件
2026-01-23 11:24:05,562 - INFO - 发现 2 个xlsx文件
2026-01-23 11:24:15,569 - INFO - 发现 2 个xlsx文件
2026-01-23 11:24:25,575 - INFO - 发现 2 个xlsx文件
2026-01-23 11:24:35,580 - INFO - 发现 2 个xlsx文件
2026-01-23 11:24:45,586 - INFO - 发现 2 个xlsx文件
2026-01-23 11:24:55,591 - INFO - 发现 2 个xlsx文件
2026-01-23 11:25:05,596 - INFO - 发现 2 个xlsx文件
2026-01-23 11:25:15,606 - INFO - 发现 2 个xlsx文件
2026-01-23 11:25:25,624 - INFO - 发现 2 个xlsx文件
2026-01-23 11:25:35,630 - INFO - 发现 2 个xlsx文件
2026-01-23 11:25:45,637 - INFO - 发现 2 个xlsx文件
2026-01-23 11:25:55,642 - INFO - 发现 2 个xlsx文件
2026-01-23 11:26:05,648 - INFO - 发现 2 个xlsx文件
2026-01-23 11:26:15,653 - INFO - 发现 2 个xlsx文件
2026-01-23 11:26:25,672 - INFO - 发现 2 个xlsx文件
2026-01-23 11:26:35,680 - INFO - 发现 2 个xlsx文件
2026-01-23 11:26:45,687 - INFO - 发现 2 个xlsx文件
2026-01-23 11:26:55,691 - INFO - 发现 2 个xlsx文件
2026-01-23 11:27:05,787 - INFO - 发现 2 个xlsx文件
2026-01-23 11:27:15,799 - INFO - 发现 2 个xlsx文件
2026-01-23 11:27:25,811 - INFO - 发现 2 个xlsx文件
2026-01-23 11:27:35,832 - INFO - 发现 2 个xlsx文件
2026-01-23 11:27:45,838 - INFO - 发现 2 个xlsx文件
2026-01-23 11:27:55,844 - INFO - 发现 2 个xlsx文件
2026-01-23 11:28:05,853 - INFO - 发现 2 个xlsx文件
2026-01-23 11:28:15,859 - INFO - 发现 2 个xlsx文件
2026-01-23 11:28:25,869 - INFO - 发现 2 个xlsx文件
2026-01-23 11:28:35,876 - INFO - 发现 2 个xlsx文件
2026-01-23 11:28:45,890 - INFO - 发现 2 个xlsx文件
2026-01-23 11:28:55,898 - INFO - 发现 2 个xlsx文件
2026-01-23 11:29:05,913 - INFO - 发现 2 个xlsx文件
2026-01-23 11:29:15,920 - INFO - 发现 2 个xlsx文件
2026-01-23 11:29:25,926 - INFO - 发现 2 个xlsx文件
2026-01-23 11:29:35,932 - INFO - 发现 2 个xlsx文件
2026-01-23 11:29:45,946 - INFO - 发现 2 个xlsx文件
2026-01-23 11:29:55,952 - INFO - 发现 2 个xlsx文件
2026-01-23 11:30:05,959 - INFO - 发现 2 个xlsx文件
2026-01-23 11:30:15,964 - INFO - 发现 2 个xlsx文件
2026-01-23 11:30:25,970 - INFO - 发现 2 个xlsx文件
2026-01-23 11:30:35,975 - INFO - 发现 2 个xlsx文件
2026-01-23 11:30:45,981 - INFO - 发现 2 个xlsx文件
2026-01-23 11:30:55,986 - INFO - 发现 2 个xlsx文件
2026-01-23 11:31:05,991 - INFO - 发现 2 个xlsx文件
2026-01-23 11:31:16,048 - INFO - 发现 2 个xlsx文件
2026-01-23 11:31:26,053 - INFO - 发现 2 个xlsx文件
2026-01-23 11:31:36,065 - INFO - 发现 2 个xlsx文件
2026-01-23 11:31:46,075 - INFO - 发现 2 个xlsx文件
2026-01-23 11:31:56,081 - INFO - 发现 2 个xlsx文件
2026-01-23 11:32:06,088 - INFO - 发现 2 个xlsx文件
2026-01-23 11:32:16,110 - INFO - 发现 2 个xlsx文件
2026-01-23 11:32:26,117 - INFO - 发现 2 个xlsx文件
2026-01-23 11:32:36,123 - INFO - 发现 2 个xlsx文件
2026-01-23 11:32:46,139 - INFO - 发现 2 个xlsx文件
2026-01-23 11:32:56,155 - INFO - 发现 2 个xlsx文件
2026-01-23 11:33:06,167 - INFO - 发现 2 个xlsx文件
2026-01-23 11:33:16,173 - INFO - 发现 2 个xlsx文件
2026-01-23 11:33:26,180 - INFO - 发现 2 个xlsx文件
2026-01-23 11:33:36,185 - INFO - 发现 2 个xlsx文件
2026-01-23 11:33:46,192 - INFO - 发现 2 个xlsx文件
2026-01-23 11:33:56,198 - INFO - 发现 2 个xlsx文件
2026-01-23 11:34:06,205 - INFO - 发现 2 个xlsx文件
2026-01-23 11:34:16,214 - INFO - 发现 2 个xlsx文件
2026-01-23 11:34:26,229 - INFO - 发现 2 个xlsx文件
2026-01-23 11:34:36,236 - INFO - 发现 2 个xlsx文件
2026-01-23 11:34:46,243 - INFO - 发现 2 个xlsx文件
2026-01-23 11:34:56,250 - INFO - 发现 2 个xlsx文件
2026-01-23 11:35:06,257 - INFO - 发现 2 个xlsx文件
2026-01-23 11:35:16,273 - INFO - 发现 2 个xlsx文件
2026-01-23 11:35:26,280 - INFO - 发现 2 个xlsx文件
2026-01-23 11:35:36,289 - INFO - 发现 2 个xlsx文件
2026-01-23 11:35:46,295 - INFO - 发现 2 个xlsx文件
2026-01-23 11:35:56,309 - INFO - 发现 2 个xlsx文件
2026-01-23 11:36:06,318 - INFO - 发现 2 个xlsx文件
2026-01-23 11:36:16,338 - INFO - 发现 2 个xlsx文件
2026-01-23 11:36:26,358 - INFO - 发现 2 个xlsx文件
2026-01-23 11:36:36,368 - INFO - 发现 2 个xlsx文件
2026-01-23 11:36:46,385 - INFO - 发现 2 个xlsx文件
2026-01-23 11:36:56,405 - INFO - 发现 2 个xlsx文件
2026-01-23 11:37:06,415 - INFO - 发现 2 个xlsx文件
2026-01-23 11:37:16,424 - INFO - 发现 2 个xlsx文件
2026-01-23 11:37:26,438 - INFO - 发现 2 个xlsx文件
2026-01-23 11:37:36,453 - INFO - 发现 2 个xlsx文件
2026-01-23 11:37:46,460 - INFO - 发现 2 个xlsx文件
2026-01-23 11:37:56,472 - INFO - 发现 2 个xlsx文件
2026-01-23 11:38:06,477 - INFO - 发现 2 个xlsx文件
2026-01-23 11:38:16,487 - INFO - 发现 2 个xlsx文件
2026-01-23 11:38:26,493 - INFO - 发现 2 个xlsx文件
2026-01-23 11:38:36,498 - INFO - 发现 2 个xlsx文件
2026-01-23 11:38:46,510 - INFO - 发现 2 个xlsx文件
2026-01-23 11:38:56,515 - INFO - 发现 2 个xlsx文件
2026-01-23 11:39:06,521 - INFO - 发现 2 个xlsx文件
2026-01-23 11:39:16,533 - INFO - 发现 2 个xlsx文件
2026-01-23 11:39:26,540 - INFO - 发现 2 个xlsx文件
2026-01-23 11:39:36,549 - INFO - 发现 2 个xlsx文件
2026-01-23 11:39:46,555 - INFO - 发现 2 个xlsx文件
2026-01-23 11:39:56,562 - INFO - 发现 2 个xlsx文件
2026-01-23 11:40:06,568 - INFO - 发现 2 个xlsx文件
2026-01-23 11:40:16,575 - INFO - 发现 2 个xlsx文件
2026-01-23 11:40:26,586 - INFO - 发现 2 个xlsx文件
2026-01-23 11:40:36,594 - INFO - 发现 2 个xlsx文件
2026-01-23 11:40:46,608 - INFO - 发现 2 个xlsx文件
2026-01-23 11:40:56,613 - INFO - 发现 2 个xlsx文件
2026-01-23 11:41:06,618 - INFO - 发现 2 个xlsx文件
2026-01-23 11:41:16,626 - INFO - 发现 2 个xlsx文件
2026-01-23 11:41:26,633 - INFO - 发现 2 个xlsx文件
2026-01-23 11:41:36,654 - INFO - 发现 2 个xlsx文件
2026-01-23 11:41:46,660 - INFO - 发现 2 个xlsx文件
2026-01-23 11:41:56,692 - INFO - 发现 2 个xlsx文件
2026-01-23 11:42:06,700 - INFO - 发现 2 个xlsx文件
2026-01-23 11:42:16,704 - INFO - 发现 2 个xlsx文件
2026-01-23 11:42:26,712 - INFO - 发现 2 个xlsx文件
2026-01-23 11:42:36,723 - INFO - 发现 2 个xlsx文件
2026-01-23 11:42:46,729 - INFO - 发现 2 个xlsx文件
2026-01-23 11:42:56,735 - INFO - 发现 2 个xlsx文件
2026-01-23 11:43:06,742 - INFO - 发现 2 个xlsx文件
2026-01-23 11:43:16,752 - INFO - 发现 2 个xlsx文件
2026-01-23 11:43:26,764 - INFO - 发现 2 个xlsx文件
2026-01-23 11:43:36,772 - INFO - 发现 2 个xlsx文件
2026-01-23 11:43:46,778 - INFO - 发现 2 个xlsx文件
2026-01-23 11:43:56,784 - INFO - 发现 2 个xlsx文件
2026-01-23 11:44:06,791 - INFO - 发现 2 个xlsx文件
2026-01-23 11:44:16,799 - INFO - 发现 2 个xlsx文件
2026-01-23 11:44:26,809 - INFO - 发现 2 个xlsx文件
2026-01-23 11:44:36,819 - INFO - 发现 2 个xlsx文件
2026-01-23 11:44:46,845 - INFO - 发现 2 个xlsx文件
2026-01-23 11:44:56,856 - INFO - 发现 2 个xlsx文件
2026-01-23 11:45:06,864 - INFO - 发现 2 个xlsx文件
2026-01-23 11:45:16,870 - INFO - 发现 2 个xlsx文件
2026-01-23 11:45:26,876 - INFO - 发现 2 个xlsx文件
2026-01-23 11:45:36,885 - INFO - 发现 2 个xlsx文件
2026-01-23 11:45:46,890 - INFO - 发现 2 个xlsx文件
2026-01-23 11:45:56,897 - INFO - 发现 2 个xlsx文件
2026-01-23 11:46:06,904 - INFO - 发现 2 个xlsx文件
2026-01-23 11:46:16,917 - INFO - 发现 2 个xlsx文件
2026-01-23 11:46:26,925 - INFO - 发现 2 个xlsx文件
2026-01-23 11:46:36,932 - INFO - 发现 2 个xlsx文件
2026-01-23 11:46:46,946 - INFO - 发现 2 个xlsx文件
2026-01-23 11:46:56,951 - INFO - 发现 2 个xlsx文件
2026-01-23 11:47:06,958 - INFO - 发现 2 个xlsx文件
2026-01-23 11:47:16,966 - INFO - 发现 2 个xlsx文件
2026-01-23 11:47:26,974 - INFO - 发现 2 个xlsx文件
2026-01-23 11:47:36,981 - INFO - 发现 2 个xlsx文件
2026-01-23 11:47:46,989 - INFO - 发现 2 个xlsx文件
2026-01-23 11:47:56,995 - INFO - 发现 2 个xlsx文件
2026-01-23 11:48:07,002 - INFO - 发现 2 个xlsx文件
2026-01-23 11:48:17,011 - INFO - 发现 2 个xlsx文件
2026-01-23 11:48:27,017 - INFO - 发现 2 个xlsx文件
2026-01-23 11:48:37,023 - INFO - 发现 2 个xlsx文件
2026-01-23 11:48:47,043 - INFO - 发现 2 个xlsx文件
2026-01-23 11:48:57,052 - INFO - 发现 2 个xlsx文件
2026-01-23 11:49:07,060 - INFO - 发现 2 个xlsx文件
2026-01-23 11:49:17,066 - INFO - 发现 2 个xlsx文件
2026-01-23 11:49:27,088 - INFO - 发现 2 个xlsx文件
2026-01-23 11:49:37,097 - INFO - 发现 2 个xlsx文件
2026-01-23 11:49:47,104 - INFO - 发现 2 个xlsx文件
2026-01-23 11:49:57,124 - INFO - 发现 2 个xlsx文件
2026-01-23 11:50:07,163 - INFO - 发现 2 个xlsx文件
2026-01-23 11:50:17,171 - INFO - 发现 2 个xlsx文件
2026-01-23 11:50:27,183 - INFO - 发现 2 个xlsx文件
2026-01-23 11:50:37,189 - INFO - 发现 2 个xlsx文件
2026-01-23 11:50:47,194 - INFO - 发现 2 个xlsx文件
2026-01-23 11:50:57,206 - INFO - 发现 2 个xlsx文件
2026-01-23 11:51:07,215 - INFO - 发现 2 个xlsx文件
2026-01-23 11:51:17,223 - INFO - 发现 2 个xlsx文件
2026-01-23 11:51:27,242 - INFO - 发现 2 个xlsx文件
2026-01-23 11:51:37,251 - INFO - 发现 2 个xlsx文件
2026-01-23 11:51:47,257 - INFO - 发现 2 个xlsx文件
2026-01-23 11:51:57,266 - INFO - 发现 2 个xlsx文件
2026-01-23 11:52:07,271 - INFO - 发现 2 个xlsx文件
2026-01-23 11:52:17,276 - INFO - 发现 2 个xlsx文件
2026-01-23 11:52:27,282 - INFO - 发现 2 个xlsx文件
2026-01-23 11:52:37,291 - INFO - 发现 2 个xlsx文件
2026-01-23 11:52:47,300 - INFO - 发现 2 个xlsx文件
2026-01-23 11:52:57,309 - INFO - 发现 2 个xlsx文件
2026-01-23 11:53:07,316 - INFO - 发现 2 个xlsx文件
2026-01-23 11:53:17,321 - INFO - 发现 2 个xlsx文件
2026-01-23 11:53:27,330 - INFO - 发现 2 个xlsx文件
2026-01-23 11:53:37,336 - INFO - 发现 2 个xlsx文件
2026-01-23 11:53:47,342 - INFO - 发现 2 个xlsx文件
2026-01-23 11:53:57,348 - INFO - 发现 2 个xlsx文件
2026-01-23 11:54:07,354 - INFO - 发现 2 个xlsx文件
2026-01-23 11:54:17,361 - INFO - 发现 2 个xlsx文件
2026-01-23 11:54:27,366 - INFO - 发现 2 个xlsx文件
2026-01-23 11:54:37,371 - INFO - 发现 2 个xlsx文件
2026-01-23 11:54:47,378 - INFO - 发现 2 个xlsx文件
2026-01-23 11:54:57,382 - INFO - 发现 2 个xlsx文件
2026-01-23 11:55:07,389 - INFO - 发现 2 个xlsx文件
2026-01-23 11:55:17,401 - INFO - 发现 2 个xlsx文件
2026-01-23 11:55:27,420 - INFO - 发现 2 个xlsx文件
2026-01-23 11:55:37,429 - INFO - 发现 2 个xlsx文件
2026-01-23 11:55:47,437 - INFO - 发现 2 个xlsx文件
2026-01-23 11:55:57,444 - INFO - 发现 2 个xlsx文件
2026-01-23 11:56:07,455 - INFO - 发现 2 个xlsx文件
2026-01-23 11:56:17,468 - INFO - 发现 2 个xlsx文件
2026-01-23 11:56:27,474 - INFO - 发现 2 个xlsx文件
2026-01-23 11:56:37,483 - INFO - 发现 2 个xlsx文件
2026-01-23 11:56:47,491 - INFO - 发现 2 个xlsx文件
2026-01-23 11:56:57,496 - INFO - 发现 2 个xlsx文件
2026-01-23 11:57:07,503 - INFO - 发现 2 个xlsx文件
2026-01-23 11:57:17,512 - INFO - 发现 2 个xlsx文件
2026-01-23 11:57:27,519 - INFO - 发现 2 个xlsx文件
2026-01-23 11:57:37,556 - INFO - 发现 2 个xlsx文件
2026-01-23 11:57:47,562 - INFO - 发现 2 个xlsx文件
2026-01-23 11:57:57,567 - INFO - 发现 2 个xlsx文件
2026-01-23 11:58:07,585 - INFO - 发现 2 个xlsx文件
2026-01-23 11:58:17,594 - INFO - 发现 2 个xlsx文件
2026-01-23 11:58:27,600 - INFO - 发现 2 个xlsx文件
2026-01-23 11:58:37,606 - INFO - 发现 2 个xlsx文件
2026-01-23 11:58:47,611 - INFO - 发现 2 个xlsx文件
2026-01-23 11:58:57,628 - INFO - 发现 2 个xlsx文件
2026-01-23 11:59:07,636 - INFO - 发现 2 个xlsx文件
2026-01-23 11:59:17,655 - INFO - 发现 2 个xlsx文件
2026-01-23 11:59:27,662 - INFO - 发现 2 个xlsx文件
2026-01-23 11:59:37,670 - INFO - 发现 2 个xlsx文件
2026-01-23 11:59:47,677 - INFO - 发现 2 个xlsx文件
2026-01-23 11:59:57,684 - INFO - 发现 2 个xlsx文件
2026-01-23 12:00:07,690 - INFO - 发现 2 个xlsx文件
2026-01-23 12:00:17,696 - INFO - 发现 2 个xlsx文件
2026-01-23 12:00:27,702 - INFO - 发现 2 个xlsx文件
2026-01-23 12:00:37,710 - INFO - 发现 2 个xlsx文件
2026-01-23 12:00:47,716 - INFO - 发现 2 个xlsx文件
2026-01-23 12:00:57,721 - INFO - 发现 2 个xlsx文件
2026-01-23 12:01:07,734 - INFO - 发现 2 个xlsx文件
2026-01-23 12:01:17,741 - INFO - 发现 2 个xlsx文件
2026-01-23 12:01:27,748 - INFO - 发现 2 个xlsx文件
2026-01-23 12:01:37,771 - INFO - 发现 2 个xlsx文件
2026-01-23 12:01:47,778 - INFO - 发现 2 个xlsx文件
2026-01-23 12:01:57,782 - INFO - 发现 2 个xlsx文件
2026-01-23 12:02:07,793 - INFO - 发现 2 个xlsx文件
2026-01-23 12:02:17,799 - INFO - 发现 2 个xlsx文件
2026-01-23 12:02:27,805 - INFO - 发现 2 个xlsx文件
2026-01-23 12:02:37,810 - INFO - 发现 2 个xlsx文件
2026-01-23 12:02:47,818 - INFO - 发现 2 个xlsx文件
2026-01-23 12:02:57,829 - INFO - 发现 2 个xlsx文件
2026-01-23 12:03:07,837 - INFO - 发现 2 个xlsx文件
2026-01-23 12:03:17,844 - INFO - 发现 2 个xlsx文件
2026-01-23 12:03:27,854 - INFO - 发现 2 个xlsx文件
2026-01-23 12:03:37,862 - INFO - 发现 2 个xlsx文件
2026-01-23 12:03:47,868 - INFO - 发现 2 个xlsx文件
2026-01-23 12:03:57,873 - INFO - 发现 2 个xlsx文件
2026-01-23 12:04:07,881 - INFO - 发现 2 个xlsx文件
2026-01-23 12:04:17,887 - INFO - 发现 2 个xlsx文件
2026-01-23 12:04:27,894 - INFO - 发现 2 个xlsx文件
2026-01-23 12:04:37,903 - INFO - 发现 2 个xlsx文件
2026-01-23 12:04:47,910 - INFO - 发现 2 个xlsx文件
2026-01-23 12:04:57,915 - INFO - 发现 2 个xlsx文件
2026-01-23 12:05:07,923 - INFO - 发现 2 个xlsx文件
2026-01-23 12:05:17,928 - INFO - 发现 2 个xlsx文件
2026-01-23 12:05:27,937 - INFO - 发现 2 个xlsx文件
2026-01-23 12:05:37,946 - INFO - 发现 2 个xlsx文件
2026-01-23 12:05:47,952 - INFO - 发现 2 个xlsx文件
2026-01-23 12:05:57,959 - INFO - 发现 2 个xlsx文件
2026-01-23 12:06:07,966 - INFO - 发现 2 个xlsx文件
2026-01-23 12:06:17,977 - INFO - 发现 2 个xlsx文件
2026-01-23 12:06:27,984 - INFO - 发现 2 个xlsx文件
2026-01-23 12:06:37,992 - INFO - 发现 2 个xlsx文件
2026-01-23 12:06:47,999 - INFO - 发现 2 个xlsx文件
2026-01-23 12:06:58,006 - INFO - 发现 2 个xlsx文件
2026-01-23 12:07:08,013 - INFO - 发现 2 个xlsx文件
2026-01-23 12:07:18,019 - INFO - 发现 2 个xlsx文件
2026-01-23 12:07:28,030 - INFO - 发现 2 个xlsx文件
2026-01-23 12:07:38,036 - INFO - 发现 2 个xlsx文件
2026-01-23 12:07:48,044 - INFO - 发现 2 个xlsx文件
2026-01-23 12:07:58,051 - INFO - 发现 2 个xlsx文件
2026-01-23 12:08:08,057 - INFO - 发现 2 个xlsx文件
2026-01-23 12:08:18,074 - INFO - 发现 2 个xlsx文件
2026-01-23 12:08:28,081 - INFO - 发现 2 个xlsx文件
2026-01-23 12:08:38,094 - INFO - 发现 2 个xlsx文件
2026-01-23 12:08:48,101 - INFO - 发现 2 个xlsx文件
2026-01-23 12:08:58,107 - INFO - 发现 2 个xlsx文件
2026-01-23 12:09:08,118 - INFO - 发现 2 个xlsx文件
2026-01-23 12:09:18,129 - INFO - 发现 2 个xlsx文件
2026-01-23 12:09:28,136 - INFO - 发现 2 个xlsx文件
2026-01-23 12:09:38,142 - INFO - 发现 2 个xlsx文件
2026-01-23 12:09:48,153 - INFO - 发现 2 个xlsx文件
2026-01-23 12:09:58,161 - INFO - 发现 2 个xlsx文件
2026-01-23 12:10:08,168 - INFO - 发现 2 个xlsx文件
2026-01-23 12:10:18,200 - INFO - 发现 2 个xlsx文件
2026-01-23 12:10:28,218 - INFO - 发现 2 个xlsx文件
2026-01-23 12:10:38,233 - INFO - 发现 2 个xlsx文件
2026-01-23 12:10:48,240 - INFO - 发现 2 个xlsx文件
2026-01-23 12:10:58,257 - INFO - 发现 2 个xlsx文件
2026-01-23 12:11:08,267 - INFO - 发现 2 个xlsx文件
2026-01-23 12:11:18,273 - INFO - 发现 2 个xlsx文件
2026-01-23 12:11:28,282 - INFO - 发现 2 个xlsx文件
2026-01-23 12:11:38,289 - INFO - 发现 2 个xlsx文件
2026-01-23 12:11:48,301 - INFO - 发现 2 个xlsx文件
2026-01-23 12:11:58,320 - INFO - 发现 2 个xlsx文件
2026-01-23 12:12:08,330 - INFO - 发现 2 个xlsx文件
2026-01-23 12:12:18,344 - INFO - 发现 2 个xlsx文件
2026-01-23 12:12:28,365 - INFO - 发现 2 个xlsx文件
2026-01-23 12:12:38,374 - INFO - 发现 2 个xlsx文件
2026-01-23 12:12:48,383 - INFO - 发现 2 个xlsx文件
2026-01-23 12:12:58,399 - INFO - 发现 2 个xlsx文件
2026-01-23 12:13:08,405 - INFO - 发现 2 个xlsx文件
2026-01-23 12:13:18,412 - INFO - 发现 2 个xlsx文件
2026-01-23 12:13:28,421 - INFO - 发现 2 个xlsx文件
2026-01-23 12:13:38,431 - INFO - 发现 2 个xlsx文件
2026-01-23 12:13:48,446 - INFO - 发现 2 个xlsx文件
2026-01-23 12:13:58,454 - INFO - 发现 2 个xlsx文件
2026-01-23 12:14:08,462 - INFO - 发现 2 个xlsx文件
2026-01-23 12:14:18,469 - INFO - 发现 2 个xlsx文件
2026-01-23 12:14:28,479 - INFO - 发现 2 个xlsx文件
2026-01-23 12:14:38,485 - INFO - 发现 2 个xlsx文件
2026-01-23 12:14:48,493 - INFO - 发现 2 个xlsx文件
2026-01-23 12:14:58,501 - INFO - 发现 2 个xlsx文件
2026-01-23 12:15:08,508 - INFO - 发现 2 个xlsx文件
2026-01-23 12:15:18,527 - INFO - 发现 2 个xlsx文件
2026-01-23 12:15:28,537 - INFO - 发现 2 个xlsx文件
2026-01-23 12:15:38,551 - INFO - 发现 2 个xlsx文件
2026-01-23 12:15:48,571 - INFO - 发现 2 个xlsx文件
2026-01-23 12:15:58,589 - INFO - 发现 2 个xlsx文件
2026-01-23 12:16:08,599 - INFO - 发现 2 个xlsx文件
2026-01-23 12:16:18,619 - INFO - 发现 2 个xlsx文件
2026-01-23 12:16:28,629 - INFO - 发现 2 个xlsx文件
2026-01-23 12:16:38,651 - INFO - 发现 2 个xlsx文件
2026-01-23 12:16:48,673 - INFO - 发现 2 个xlsx文件
2026-01-23 12:16:58,693 - INFO - 发现 2 个xlsx文件
2026-01-23 12:17:08,701 - INFO - 发现 2 个xlsx文件
2026-01-23 12:17:18,708 - INFO - 发现 2 个xlsx文件
2026-01-23 12:17:28,718 - INFO - 发现 2 个xlsx文件
2026-01-23 12:17:38,731 - INFO - 发现 2 个xlsx文件
2026-01-23 12:17:48,751 - INFO - 发现 2 个xlsx文件
2026-01-23 12:17:58,772 - INFO - 发现 2 个xlsx文件
2026-01-23 12:18:08,782 - INFO - 发现 2 个xlsx文件
2026-01-23 12:18:18,800 - INFO - 发现 2 个xlsx文件
2026-01-23 12:18:28,810 - INFO - 发现 2 个xlsx文件
2026-01-23 12:18:38,819 - INFO - 发现 2 个xlsx文件
2026-01-23 12:18:48,832 - INFO - 发现 2 个xlsx文件
2026-01-23 12:18:58,839 - INFO - 发现 2 个xlsx文件
2026-01-23 12:19:08,846 - INFO - 发现 2 个xlsx文件
2026-01-23 12:19:18,861 - INFO - 发现 2 个xlsx文件
2026-01-23 12:19:28,871 - INFO - 发现 2 个xlsx文件
2026-01-23 12:19:38,880 - INFO - 发现 2 个xlsx文件
2026-01-23 12:19:48,896 - INFO - 发现 2 个xlsx文件
2026-01-23 12:19:58,913 - INFO - 发现 2 个xlsx文件
2026-01-23 12:20:08,922 - INFO - 发现 2 个xlsx文件
2026-01-23 12:20:18,931 - INFO - 发现 2 个xlsx文件
2026-01-23 12:20:28,945 - INFO - 发现 2 个xlsx文件
2026-01-23 12:20:38,959 - INFO - 发现 2 个xlsx文件
2026-01-23 12:20:48,971 - INFO - 发现 2 个xlsx文件
2026-01-23 12:20:58,992 - INFO - 发现 2 个xlsx文件
2026-01-23 12:21:09,001 - INFO - 发现 2 个xlsx文件
2026-01-23 12:21:19,009 - INFO - 发现 2 个xlsx文件
2026-01-23 12:21:29,028 - INFO - 发现 2 个xlsx文件
2026-01-23 12:21:39,050 - INFO - 发现 2 个xlsx文件
2026-01-23 12:21:49,063 - INFO - 发现 2 个xlsx文件
2026-01-23 12:21:59,077 - INFO - 发现 2 个xlsx文件
2026-01-23 12:22:09,085 - INFO - 发现 2 个xlsx文件
2026-01-23 12:22:19,093 - INFO - 发现 2 个xlsx文件
2026-01-23 12:22:29,099 - INFO - 发现 2 个xlsx文件
2026-01-23 12:22:39,108 - INFO - 发现 2 个xlsx文件
2026-01-23 12:22:49,113 - INFO - 发现 2 个xlsx文件
2026-01-23 12:22:59,132 - INFO - 发现 2 个xlsx文件
2026-01-23 12:23:09,151 - INFO - 发现 2 个xlsx文件
2026-01-23 12:23:19,161 - INFO - 发现 2 个xlsx文件
2026-01-23 12:23:29,185 - INFO - 发现 2 个xlsx文件
2026-01-23 12:23:39,191 - INFO - 发现 2 个xlsx文件
2026-01-23 12:23:49,200 - INFO - 发现 2 个xlsx文件
2026-01-23 12:23:59,209 - INFO - 发现 2 个xlsx文件
2026-01-23 12:24:09,217 - INFO - 发现 2 个xlsx文件
2026-01-23 12:24:19,234 - INFO - 发现 2 个xlsx文件
2026-01-23 12:24:29,257 - INFO - 发现 2 个xlsx文件
2026-01-23 12:24:39,279 - INFO - 发现 2 个xlsx文件
2026-01-23 12:24:49,289 - INFO - 发现 2 个xlsx文件
2026-01-23 12:24:59,295 - INFO - 发现 2 个xlsx文件
2026-01-23 12:25:09,316 - INFO - 发现 2 个xlsx文件
2026-01-23 12:25:19,337 - INFO - 发现 2 个xlsx文件
2026-01-23 12:25:29,348 - INFO - 发现 2 个xlsx文件
2026-01-23 12:25:39,357 - INFO - 发现 2 个xlsx文件
2026-01-23 12:25:49,367 - INFO - 发现 2 个xlsx文件
2026-01-23 12:25:59,374 - INFO - 发现 2 个xlsx文件
2026-01-23 12:26:09,383 - INFO - 发现 2 个xlsx文件
2026-01-23 12:26:19,402 - INFO - 发现 2 个xlsx文件
2026-01-23 12:26:29,422 - INFO - 发现 2 个xlsx文件
2026-01-23 12:26:39,431 - INFO - 发现 2 个xlsx文件
2026-01-23 12:26:49,448 - INFO - 发现 2 个xlsx文件
2026-01-23 12:26:59,455 - INFO - 发现 2 个xlsx文件
2026-01-23 12:27:09,465 - INFO - 发现 2 个xlsx文件
2026-01-23 12:27:19,475 - INFO - 发现 2 个xlsx文件
2026-01-23 12:27:29,485 - INFO - 发现 2 个xlsx文件
2026-01-23 12:27:39,503 - INFO - 发现 2 个xlsx文件
2026-01-23 12:27:49,522 - INFO - 发现 2 个xlsx文件
2026-01-23 12:27:59,531 - INFO - 发现 2 个xlsx文件
2026-01-23 12:28:09,539 - INFO - 发现 2 个xlsx文件
2026-01-23 12:28:19,545 - INFO - 发现 2 个xlsx文件
2026-01-23 12:28:29,565 - INFO - 发现 2 个xlsx文件
2026-01-23 12:28:39,591 - INFO - 发现 2 个xlsx文件
2026-01-23 12:28:49,607 - INFO - 发现 2 个xlsx文件
2026-01-23 12:28:59,615 - INFO - 发现 2 个xlsx文件
2026-01-23 12:29:09,625 - INFO - 发现 2 个xlsx文件
2026-01-23 12:29:19,642 - INFO - 发现 2 个xlsx文件
2026-01-23 12:29:29,660 - INFO - 发现 2 个xlsx文件
2026-01-23 12:29:39,674 - INFO - 发现 2 个xlsx文件
2026-01-23 12:29:49,685 - INFO - 发现 2 个xlsx文件
2026-01-23 12:29:59,694 - INFO - 发现 2 个xlsx文件
2026-01-23 12:30:09,701 - INFO - 发现 2 个xlsx文件
2026-01-23 12:30:19,709 - INFO - 发现 2 个xlsx文件
2026-01-23 12:30:29,720 - INFO - 发现 2 个xlsx文件
2026-01-23 12:30:39,727 - INFO - 发现 2 个xlsx文件
2026-01-23 12:30:49,741 - INFO - 发现 2 个xlsx文件
2026-01-23 12:30:59,747 - INFO - 发现 2 个xlsx文件
2026-01-23 12:31:09,754 - INFO - 发现 2 个xlsx文件
2026-01-23 12:31:19,760 - INFO - 发现 2 个xlsx文件
2026-01-23 12:31:29,769 - INFO - 发现 2 个xlsx文件
2026-01-23 12:31:39,776 - INFO - 发现 2 个xlsx文件
2026-01-23 12:31:49,794 - INFO - 发现 2 个xlsx文件
2026-01-23 12:31:59,805 - INFO - 发现 2 个xlsx文件
2026-01-23 12:32:09,812 - INFO - 发现 2 个xlsx文件
2026-01-23 12:32:19,830 - INFO - 发现 2 个xlsx文件
2026-01-23 12:32:29,843 - INFO - 发现 2 个xlsx文件
2026-01-23 12:32:39,864 - INFO - 发现 2 个xlsx文件
2026-01-23 12:32:49,883 - INFO - 发现 2 个xlsx文件
2026-01-23 12:32:59,905 - INFO - 发现 2 个xlsx文件
2026-01-23 12:33:09,917 - INFO - 发现 2 个xlsx文件
2026-01-23 12:33:19,923 - INFO - 发现 2 个xlsx文件
2026-01-23 12:33:29,936 - INFO - 发现 2 个xlsx文件
2026-01-23 12:33:39,956 - INFO - 发现 2 个xlsx文件
2026-01-23 12:33:49,968 - INFO - 发现 2 个xlsx文件
2026-01-23 12:33:59,979 - INFO - 发现 2 个xlsx文件
2026-01-23 12:34:09,988 - INFO - 发现 2 个xlsx文件
2026-01-23 12:34:19,999 - INFO - 发现 2 个xlsx文件
2026-01-23 12:34:30,017 - INFO - 发现 2 个xlsx文件
2026-01-23 12:34:40,038 - INFO - 发现 2 个xlsx文件
2026-01-23 12:34:50,050 - INFO - 发现 2 个xlsx文件
2026-01-23 12:35:00,071 - INFO - 发现 2 个xlsx文件
2026-01-23 12:35:10,081 - INFO - 发现 2 个xlsx文件
2026-01-23 12:35:20,099 - INFO - 发现 2 个xlsx文件
2026-01-23 12:35:30,110 - INFO - 发现 2 个xlsx文件
2026-01-23 12:35:40,129 - INFO - 发现 2 个xlsx文件
2026-01-23 12:35:50,149 - INFO - 发现 2 个xlsx文件
2026-01-23 12:36:00,170 - INFO - 发现 2 个xlsx文件
2026-01-23 12:36:10,180 - INFO - 发现 2 个xlsx文件
2026-01-23 12:36:20,187 - INFO - 发现 2 个xlsx文件
2026-01-23 12:36:30,200 - INFO - 发现 2 个xlsx文件
2026-01-23 12:36:40,209 - INFO - 发现 2 个xlsx文件
2026-01-23 12:36:50,218 - INFO - 发现 2 个xlsx文件
2026-01-23 12:37:00,224 - INFO - 发现 2 个xlsx文件
2026-01-23 12:37:10,233 - INFO - 发现 2 个xlsx文件
2026-01-23 12:37:20,242 - INFO - 发现 2 个xlsx文件
2026-01-23 12:37:30,258 - INFO - 发现 2 个xlsx文件
2026-01-23 12:37:40,267 - INFO - 发现 2 个xlsx文件
2026-01-23 12:37:50,275 - INFO - 发现 2 个xlsx文件
2026-01-23 12:38:00,296 - INFO - 发现 2 个xlsx文件
2026-01-23 12:38:10,306 - INFO - 发现 2 个xlsx文件
2026-01-23 12:38:20,316 - INFO - 发现 2 个xlsx文件
2026-01-23 12:38:30,335 - INFO - 发现 2 个xlsx文件
2026-01-23 12:38:40,352 - INFO - 发现 2 个xlsx文件
2026-01-23 12:38:50,368 - INFO - 发现 2 个xlsx文件
2026-01-23 12:39:00,375 - INFO - 发现 2 个xlsx文件
2026-01-23 12:39:10,399 - INFO - 发现 2 个xlsx文件
2026-01-23 12:39:20,405 - INFO - 发现 2 个xlsx文件
2026-01-23 12:39:30,415 - INFO - 发现 2 个xlsx文件
2026-01-23 12:39:40,428 - INFO - 发现 2 个xlsx文件
2026-01-23 12:39:50,435 - INFO - 发现 2 个xlsx文件
2026-01-23 12:40:00,440 - INFO - 发现 2 个xlsx文件
2026-01-23 12:40:10,455 - INFO - 发现 2 个xlsx文件
2026-01-23 12:40:20,464 - INFO - 发现 2 个xlsx文件
2026-01-23 12:40:30,474 - INFO - 发现 2 个xlsx文件
2026-01-23 12:40:40,485 - INFO - 发现 2 个xlsx文件
2026-01-23 12:40:50,547 - INFO - 发现 2 个xlsx文件
2026-01-23 12:41:00,569 - INFO - 发现 2 个xlsx文件
2026-01-23 12:41:10,582 - INFO - 发现 2 个xlsx文件
2026-01-23 12:41:20,589 - INFO - 发现 2 个xlsx文件
2026-01-23 12:41:30,598 - INFO - 发现 2 个xlsx文件
2026-01-23 12:41:40,605 - INFO - 发现 2 个xlsx文件
2026-01-23 12:41:50,616 - INFO - 发现 2 个xlsx文件
2026-01-23 12:42:00,621 - INFO - 发现 2 个xlsx文件
2026-01-23 12:42:10,638 - INFO - 发现 2 个xlsx文件
2026-01-23 12:42:20,645 - INFO - 发现 2 个xlsx文件
2026-01-23 12:42:30,650 - INFO - 发现 2 个xlsx文件
2026-01-23 12:42:40,656 - INFO - 发现 2 个xlsx文件
2026-01-23 12:42:50,665 - INFO - 发现 2 个xlsx文件
2026-01-23 12:43:00,672 - INFO - 发现 2 个xlsx文件
2026-01-23 12:43:10,677 - INFO - 发现 2 个xlsx文件
2026-01-23 12:43:20,681 - INFO - 发现 2 个xlsx文件
2026-01-23 12:43:30,692 - INFO - 发现 2 个xlsx文件
2026-01-23 12:43:40,702 - INFO - 发现 2 个xlsx文件
2026-01-23 12:43:50,713 - INFO - 发现 2 个xlsx文件
2026-01-23 12:44:00,758 - INFO - 发现 2 个xlsx文件
2026-01-23 12:44:10,765 - INFO - 发现 2 个xlsx文件
2026-01-23 12:44:20,770 - INFO - 发现 2 个xlsx文件
2026-01-23 12:44:30,778 - INFO - 发现 2 个xlsx文件
2026-01-23 12:44:40,790 - INFO - 发现 2 个xlsx文件
2026-01-23 12:44:50,796 - INFO - 发现 2 个xlsx文件
2026-01-23 12:45:00,804 - INFO - 发现 2 个xlsx文件
2026-01-23 12:45:10,813 - INFO - 发现 2 个xlsx文件
2026-01-23 12:45:20,818 - INFO - 发现 2 个xlsx文件
2026-01-23 12:45:30,826 - INFO - 发现 2 个xlsx文件
2026-01-23 12:45:40,831 - INFO - 发现 2 个xlsx文件
2026-01-23 12:45:50,839 - INFO - 发现 2 个xlsx文件
2026-01-23 12:46:00,850 - INFO - 发现 2 个xlsx文件
2026-01-23 12:46:10,859 - INFO - 发现 2 个xlsx文件
2026-01-23 12:46:20,865 - INFO - 发现 2 个xlsx文件
2026-01-23 12:46:30,873 - INFO - 发现 2 个xlsx文件
2026-01-23 12:46:40,880 - INFO - 发现 2 个xlsx文件
2026-01-23 12:46:50,894 - INFO - 发现 2 个xlsx文件
2026-01-23 12:47:00,900 - INFO - 发现 2 个xlsx文件
2026-01-23 12:47:10,905 - INFO - 发现 2 个xlsx文件
2026-01-23 12:47:20,913 - INFO - 发现 2 个xlsx文件
2026-01-23 12:47:30,919 - INFO - 发现 2 个xlsx文件
2026-01-23 12:47:40,929 - INFO - 发现 2 个xlsx文件
2026-01-23 12:47:50,948 - INFO - 发现 2 个xlsx文件
2026-01-23 12:48:00,956 - INFO - 发现 2 个xlsx文件
2026-01-23 12:48:10,977 - INFO - 发现 2 个xlsx文件
2026-01-23 12:48:20,988 - INFO - 发现 2 个xlsx文件
2026-01-23 12:48:30,997 - INFO - 发现 2 个xlsx文件
2026-01-23 12:48:41,002 - INFO - 发现 2 个xlsx文件
2026-01-23 12:48:51,009 - INFO - 发现 2 个xlsx文件
2026-01-23 12:49:01,029 - INFO - 发现 2 个xlsx文件
2026-01-23 12:49:11,036 - INFO - 发现 2 个xlsx文件
2026-01-23 12:49:21,043 - INFO - 发现 2 个xlsx文件
2026-01-23 12:49:31,050 - INFO - 发现 2 个xlsx文件
2026-01-23 12:49:41,056 - INFO - 发现 2 个xlsx文件
2026-01-23 12:49:51,071 - INFO - 发现 2 个xlsx文件
2026-01-23 12:50:01,079 - INFO - 发现 2 个xlsx文件
2026-01-23 12:50:11,086 - INFO - 发现 2 个xlsx文件
2026-01-23 12:50:21,093 - INFO - 发现 2 个xlsx文件
2026-01-23 12:50:31,109 - INFO - 发现 2 个xlsx文件
2026-01-23 12:50:41,117 - INFO - 发现 2 个xlsx文件
2026-01-23 12:50:51,125 - INFO - 发现 2 个xlsx文件
2026-01-23 12:51:01,130 - INFO - 发现 2 个xlsx文件
2026-01-23 12:51:11,136 - INFO - 发现 2 个xlsx文件
2026-01-23 12:51:21,155 - INFO - 发现 2 个xlsx文件
2026-01-23 12:51:31,164 - INFO - 发现 2 个xlsx文件
2026-01-23 12:51:41,175 - INFO - 发现 2 个xlsx文件
2026-01-23 12:51:51,181 - INFO - 发现 2 个xlsx文件
2026-01-23 12:52:01,189 - INFO - 发现 2 个xlsx文件
2026-01-23 12:52:11,197 - INFO - 发现 2 个xlsx文件
2026-01-23 12:52:21,202 - INFO - 发现 2 个xlsx文件
2026-01-23 12:52:31,215 - INFO - 发现 2 个xlsx文件
2026-01-23 12:52:41,221 - INFO - 发现 2 个xlsx文件
2026-01-23 12:52:51,238 - INFO - 发现 2 个xlsx文件
2026-01-23 12:53:01,246 - INFO - 发现 2 个xlsx文件
2026-01-23 12:53:11,264 - INFO - 发现 2 个xlsx文件
2026-01-23 12:53:21,275 - INFO - 发现 2 个xlsx文件
2026-01-23 12:53:31,283 - INFO - 发现 2 个xlsx文件
2026-01-23 12:53:41,287 - INFO - 发现 2 个xlsx文件
2026-01-23 12:53:51,294 - INFO - 发现 2 个xlsx文件
2026-01-23 12:54:01,300 - INFO - 发现 2 个xlsx文件
2026-01-23 12:54:11,312 - INFO - 发现 2 个xlsx文件
2026-01-23 12:54:21,318 - INFO - 发现 2 个xlsx文件
2026-01-23 12:54:31,325 - INFO - 发现 2 个xlsx文件
2026-01-23 12:54:41,330 - INFO - 发现 2 个xlsx文件
2026-01-23 12:54:51,335 - INFO - 发现 2 个xlsx文件
2026-01-23 12:55:01,346 - INFO - 发现 2 个xlsx文件
2026-01-23 12:55:11,358 - INFO - 发现 2 个xlsx文件
2026-01-23 12:55:21,382 - INFO - 发现 2 个xlsx文件
2026-01-23 12:55:31,391 - INFO - 发现 2 个xlsx文件
2026-01-23 12:55:41,405 - INFO - 发现 2 个xlsx文件
2026-01-23 12:55:51,411 - INFO - 发现 2 个xlsx文件
2026-01-23 12:56:01,416 - INFO - 发现 2 个xlsx文件
2026-01-23 12:56:11,563 - INFO - 发现 2 个xlsx文件
2026-01-23 12:56:21,650 - INFO - 发现 2 个xlsx文件
2026-01-23 12:56:31,670 - INFO - 发现 2 个xlsx文件
2026-01-23 12:56:41,677 - INFO - 发现 2 个xlsx文件
2026-01-23 12:56:51,688 - INFO - 发现 2 个xlsx文件
2026-01-23 12:57:01,697 - INFO - 发现 2 个xlsx文件
2026-01-23 12:57:11,705 - INFO - 发现 2 个xlsx文件
2026-01-23 12:57:21,714 - INFO - 发现 2 个xlsx文件
2026-01-23 12:57:31,720 - INFO - 发现 2 个xlsx文件
2026-01-23 12:57:41,739 - INFO - 发现 2 个xlsx文件
2026-01-23 12:57:51,759 - INFO - 发现 2 个xlsx文件
2026-01-23 12:58:01,765 - INFO - 发现 2 个xlsx文件
2026-01-23 12:58:11,771 - INFO - 发现 2 个xlsx文件
2026-01-23 12:58:21,791 - INFO - 发现 2 个xlsx文件
2026-01-23 12:58:31,797 - INFO - 发现 2 个xlsx文件
2026-01-23 12:58:41,815 - INFO - 发现 2 个xlsx文件
2026-01-23 12:58:51,824 - INFO - 发现 2 个xlsx文件
2026-01-23 12:59:01,832 - INFO - 发现 2 个xlsx文件
2026-01-23 12:59:11,841 - INFO - 发现 2 个xlsx文件
2026-01-23 12:59:21,850 - INFO - 发现 2 个xlsx文件
2026-01-23 12:59:31,857 - INFO - 发现 2 个xlsx文件
2026-01-23 12:59:41,873 - INFO - 发现 2 个xlsx文件
2026-01-23 12:59:51,880 - INFO - 发现 2 个xlsx文件
2026-01-23 13:00:01,886 - INFO - 发现 2 个xlsx文件
2026-01-23 13:00:11,901 - INFO - 发现 2 个xlsx文件
2026-01-23 13:00:21,907 - INFO - 发现 2 个xlsx文件
2026-01-23 13:00:31,923 - INFO - 发现 2 个xlsx文件
2026-01-23 13:00:41,929 - INFO - 发现 2 个xlsx文件
2026-01-23 13:00:51,937 - INFO - 发现 2 个xlsx文件
2026-01-23 13:01:01,944 - INFO - 发现 2 个xlsx文件
2026-01-23 13:01:11,950 - INFO - 发现 2 个xlsx文件
2026-01-23 13:01:21,954 - INFO - 发现 2 个xlsx文件
2026-01-23 13:01:31,959 - INFO - 发现 2 个xlsx文件
2026-01-23 13:01:41,964 - INFO - 发现 2 个xlsx文件
2026-01-23 13:01:51,970 - INFO - 发现 2 个xlsx文件
2026-01-23 13:02:01,981 - INFO - 发现 2 个xlsx文件
2026-01-23 13:02:11,986 - INFO - 发现 2 个xlsx文件
2026-01-23 13:02:22,006 - INFO - 发现 2 个xlsx文件
2026-01-23 13:02:32,015 - INFO - 发现 2 个xlsx文件
2026-01-23 13:02:42,022 - INFO - 发现 2 个xlsx文件
2026-01-23 13:02:52,040 - INFO - 发现 2 个xlsx文件
2026-01-23 13:03:02,049 - INFO - 发现 2 个xlsx文件
2026-01-23 13:03:12,058 - INFO - 发现 2 个xlsx文件
2026-01-23 13:03:22,064 - INFO - 发现 2 个xlsx文件
2026-01-23 13:03:32,095 - INFO - 发现 2 个xlsx文件
2026-01-23 13:03:42,102 - INFO - 发现 2 个xlsx文件
2026-01-23 13:03:52,110 - INFO - 发现 2 个xlsx文件
2026-01-23 13:04:02,116 - INFO - 发现 2 个xlsx文件
2026-01-23 13:04:12,122 - INFO - 发现 2 个xlsx文件
2026-01-23 13:04:22,130 - INFO - 发现 2 个xlsx文件
2026-01-23 13:04:32,136 - INFO - 发现 2 个xlsx文件
2026-01-23 13:04:42,141 - INFO - 发现 2 个xlsx文件
2026-01-23 13:04:52,147 - INFO - 发现 2 个xlsx文件
2026-01-23 13:05:02,153 - INFO - 发现 2 个xlsx文件
2026-01-23 13:05:12,160 - INFO - 发现 2 个xlsx文件
2026-01-23 13:05:22,179 - INFO - 发现 2 个xlsx文件
2026-01-23 13:05:32,188 - INFO - 发现 2 个xlsx文件
2026-01-23 13:05:42,193 - INFO - 发现 2 个xlsx文件
2026-01-23 13:05:52,199 - INFO - 发现 2 个xlsx文件
2026-01-23 13:06:02,207 - INFO - 发现 2 个xlsx文件
2026-01-23 13:06:12,213 - INFO - 发现 2 个xlsx文件
2026-01-23 13:06:22,218 - INFO - 发现 2 个xlsx文件
2026-01-23 13:06:32,223 - INFO - 发现 2 个xlsx文件
2026-01-23 13:06:42,230 - INFO - 发现 2 个xlsx文件
2026-01-23 13:06:52,248 - INFO - 发现 2 个xlsx文件
2026-01-23 13:07:02,259 - INFO - 发现 2 个xlsx文件
2026-01-23 13:07:12,268 - INFO - 发现 2 个xlsx文件
2026-01-23 13:07:22,273 - INFO - 发现 2 个xlsx文件
2026-01-23 13:07:32,279 - INFO - 发现 2 个xlsx文件
2026-01-23 13:07:42,285 - INFO - 发现 2 个xlsx文件
2026-01-23 13:07:52,308 - INFO - 发现 2 个xlsx文件
2026-01-23 13:08:02,318 - INFO - 发现 2 个xlsx文件
2026-01-23 13:08:12,338 - INFO - 发现 2 个xlsx文件
2026-01-23 13:08:22,344 - INFO - 发现 2 个xlsx文件
2026-01-23 13:08:32,349 - INFO - 发现 2 个xlsx文件
2026-01-23 13:08:42,354 - INFO - 发现 2 个xlsx文件
2026-01-23 13:08:52,365 - INFO - 发现 2 个xlsx文件
2026-01-23 13:09:02,378 - INFO - 发现 2 个xlsx文件
2026-01-23 13:09:12,385 - INFO - 发现 2 个xlsx文件
2026-01-23 13:09:22,392 - INFO - 发现 2 个xlsx文件
2026-01-23 13:09:32,415 - INFO - 发现 2 个xlsx文件
2026-01-23 13:09:42,429 - INFO - 发现 2 个xlsx文件
2026-01-23 13:09:52,435 - INFO - 发现 2 个xlsx文件
2026-01-23 13:10:02,443 - INFO - 发现 2 个xlsx文件
2026-01-23 13:10:12,448 - INFO - 发现 2 个xlsx文件
2026-01-23 13:10:22,467 - INFO - 发现 2 个xlsx文件
2026-01-23 13:10:32,479 - INFO - 发现 2 个xlsx文件
2026-01-23 13:10:42,493 - INFO - 发现 2 个xlsx文件
2026-01-23 13:10:52,500 - INFO - 发现 2 个xlsx文件
2026-01-23 13:11:02,521 - INFO - 发现 2 个xlsx文件
2026-01-23 13:11:12,537 - INFO - 发现 2 个xlsx文件
2026-01-23 13:11:22,543 - INFO - 发现 2 个xlsx文件
2026-01-23 13:11:32,549 - INFO - 发现 2 个xlsx文件
2026-01-23 13:11:42,555 - INFO - 发现 2 个xlsx文件
2026-01-23 13:11:52,566 - INFO - 发现 2 个xlsx文件
2026-01-23 13:12:02,580 - INFO - 发现 2 个xlsx文件
2026-01-23 13:12:12,587 - INFO - 发现 2 个xlsx文件
2026-01-23 13:12:22,596 - INFO - 发现 2 个xlsx文件
2026-01-23 13:12:32,603 - INFO - 发现 2 个xlsx文件
2026-01-23 13:12:42,622 - INFO - 发现 2 个xlsx文件
2026-01-23 13:12:52,631 - INFO - 发现 2 个xlsx文件
2026-01-23 13:13:02,638 - INFO - 发现 2 个xlsx文件
2026-01-23 13:13:12,646 - INFO - 发现 2 个xlsx文件
2026-01-23 13:13:22,659 - INFO - 发现 2 个xlsx文件
2026-01-23 13:13:32,682 - INFO - 发现 2 个xlsx文件
2026-01-23 13:13:42,696 - INFO - 发现 2 个xlsx文件
2026-01-23 13:13:52,710 - INFO - 发现 2 个xlsx文件
2026-01-23 13:14:02,731 - INFO - 发现 2 个xlsx文件
2026-01-23 13:14:12,738 - INFO - 发现 2 个xlsx文件
2026-01-23 13:14:22,748 - INFO - 发现 2 个xlsx文件
2026-01-23 13:14:32,761 - INFO - 发现 2 个xlsx文件
2026-01-23 13:14:42,781 - INFO - 发现 2 个xlsx文件
2026-01-23 13:14:52,801 - INFO - 发现 2 个xlsx文件
2026-01-23 13:15:02,816 - INFO - 发现 2 个xlsx文件
2026-01-23 13:15:12,839 - INFO - 发现 2 个xlsx文件
2026-01-23 13:15:22,854 - INFO - 发现 2 个xlsx文件
2026-01-23 13:15:32,875 - INFO - 发现 2 个xlsx文件
2026-01-23 13:15:42,896 - INFO - 发现 2 个xlsx文件
2026-01-23 13:15:52,914 - INFO - 发现 2 个xlsx文件
2026-01-23 13:16:02,925 - INFO - 发现 2 个xlsx文件
2026-01-23 13:16:12,933 - INFO - 发现 2 个xlsx文件
2026-01-23 13:16:22,938 - INFO - 发现 2 个xlsx文件
2026-01-23 13:16:32,956 - INFO - 发现 2 个xlsx文件
2026-01-23 13:16:42,964 - INFO - 发现 2 个xlsx文件
2026-01-23 13:16:52,975 - INFO - 发现 2 个xlsx文件
2026-01-23 13:17:02,995 - INFO - 发现 2 个xlsx文件
2026-01-23 13:17:13,022 - INFO - 发现 2 个xlsx文件
2026-01-23 13:17:23,045 - INFO - 发现 2 个xlsx文件
2026-01-23 13:17:33,060 - INFO - 发现 2 个xlsx文件
2026-01-23 13:17:43,084 - INFO - 发现 2 个xlsx文件
2026-01-23 13:17:53,102 - INFO - 发现 2 个xlsx文件
2026-01-23 13:18:03,122 - INFO - 发现 2 个xlsx文件
2026-01-23 13:18:13,130 - INFO - 发现 2 个xlsx文件
2026-01-23 13:18:23,145 - INFO - 发现 2 个xlsx文件
2026-01-23 13:18:33,159 - INFO - 发现 2 个xlsx文件
2026-01-23 13:18:43,174 - INFO - 发现 2 个xlsx文件
2026-01-23 13:18:53,190 - INFO - 发现 2 个xlsx文件
2026-01-23 13:19:03,210 - INFO - 发现 2 个xlsx文件
2026-01-23 13:19:13,220 - INFO - 发现 2 个xlsx文件
2026-01-23 13:19:23,241 - INFO - 发现 2 个xlsx文件
2026-01-23 13:19:33,247 - INFO - 发现 2 个xlsx文件
2026-01-23 13:19:43,265 - INFO - 发现 2 个xlsx文件
2026-01-23 13:19:53,274 - INFO - 发现 2 个xlsx文件
2026-01-23 13:20:03,293 - INFO - 发现 2 个xlsx文件
2026-01-23 13:20:13,301 - INFO - 发现 2 个xlsx文件
2026-01-23 13:20:23,312 - INFO - 发现 2 个xlsx文件
2026-01-23 13:20:33,328 - INFO - 发现 2 个xlsx文件
2026-01-23 13:20:43,336 - INFO - 发现 2 个xlsx文件
2026-01-23 13:20:53,346 - INFO - 发现 2 个xlsx文件
2026-01-23 13:21:03,363 - INFO - 发现 2 个xlsx文件
2026-01-23 13:21:13,388 - INFO - 发现 2 个xlsx文件
2026-01-23 13:21:23,407 - INFO - 发现 2 个xlsx文件
2026-01-23 13:21:33,427 - INFO - 发现 2 个xlsx文件
2026-01-23 13:21:43,438 - INFO - 发现 2 个xlsx文件
2026-01-23 13:21:53,451 - INFO - 发现 2 个xlsx文件
2026-01-23 13:22:03,473 - INFO - 发现 2 个xlsx文件
2026-01-23 13:22:13,493 - INFO - 发现 2 个xlsx文件
2026-01-23 13:22:23,503 - INFO - 发现 2 个xlsx文件
2026-01-23 13:22:33,510 - INFO - 发现 2 个xlsx文件
2026-01-23 13:22:43,526 - INFO - 发现 2 个xlsx文件
2026-01-23 13:22:53,534 - INFO - 发现 2 个xlsx文件
2026-01-23 13:23:03,541 - INFO - 发现 2 个xlsx文件
2026-01-23 13:23:13,549 - INFO - 发现 2 个xlsx文件
2026-01-23 13:23:23,561 - INFO - 发现 2 个xlsx文件
2026-01-23 13:23:33,592 - INFO - 发现 2 个xlsx文件
2026-01-23 13:23:43,614 - INFO - 发现 2 个xlsx文件
2026-01-23 13:23:53,628 - INFO - 发现 2 个xlsx文件
2026-01-23 13:24:03,641 - INFO - 发现 2 个xlsx文件
2026-01-23 13:24:13,650 - INFO - 发现 2 个xlsx文件
2026-01-23 13:24:23,669 - INFO - 发现 2 个xlsx文件
2026-01-23 13:24:33,689 - INFO - 发现 2 个xlsx文件
2026-01-23 13:24:43,706 - INFO - 发现 2 个xlsx文件
2026-01-23 13:24:53,722 - INFO - 发现 2 个xlsx文件
2026-01-23 13:25:03,732 - INFO - 发现 2 个xlsx文件
2026-01-23 13:25:13,748 - INFO - 发现 2 个xlsx文件
2026-01-23 13:25:23,768 - INFO - 发现 2 个xlsx文件
2026-01-23 13:25:33,781 - INFO - 发现 2 个xlsx文件
2026-01-23 13:25:43,794 - INFO - 发现 2 个xlsx文件
2026-01-23 13:25:53,806 - INFO - 发现 2 个xlsx文件
2026-01-23 13:26:03,824 - INFO - 发现 2 个xlsx文件
2026-01-23 13:26:13,839 - INFO - 发现 2 个xlsx文件
2026-01-23 13:26:23,848 - INFO - 发现 2 个xlsx文件
2026-01-23 13:26:33,853 - INFO - 发现 2 个xlsx文件
2026-01-23 13:26:43,872 - INFO - 发现 2 个xlsx文件
2026-01-23 13:26:53,883 - INFO - 发现 2 个xlsx文件
2026-01-23 13:27:03,905 - INFO - 发现 2 个xlsx文件
2026-01-23 13:27:13,926 - INFO - 发现 2 个xlsx文件
2026-01-23 13:27:23,936 - INFO - 发现 2 个xlsx文件
2026-01-23 13:27:33,948 - INFO - 发现 2 个xlsx文件
2026-01-23 13:27:43,968 - INFO - 发现 2 个xlsx文件
2026-01-23 13:27:53,976 - INFO - 发现 2 个xlsx文件
2026-01-23 13:28:03,994 - INFO - 发现 2 个xlsx文件
2026-01-23 13:28:14,005 - INFO - 发现 2 个xlsx文件
2026-01-23 13:28:24,013 - INFO - 发现 2 个xlsx文件
2026-01-23 13:28:34,020 - INFO - 发现 2 个xlsx文件
2026-01-23 13:28:44,027 - INFO - 发现 2 个xlsx文件
2026-01-23 13:28:54,048 - INFO - 发现 2 个xlsx文件
2026-01-23 13:29:04,054 - INFO - 发现 2 个xlsx文件
2026-01-23 13:29:14,060 - INFO - 发现 2 个xlsx文件
2026-01-23 13:29:24,081 - INFO - 发现 2 个xlsx文件
2026-01-23 13:29:34,092 - INFO - 发现 2 个xlsx文件
2026-01-23 13:29:44,108 - INFO - 发现 2 个xlsx文件
2026-01-23 13:29:54,119 - INFO - 发现 2 个xlsx文件
2026-01-23 13:30:04,129 - INFO - 发现 2 个xlsx文件
2026-01-23 13:30:14,145 - INFO - 发现 2 个xlsx文件
2026-01-23 13:30:24,153 - INFO - 发现 2 个xlsx文件
2026-01-23 13:30:34,161 - INFO - 发现 2 个xlsx文件
2026-01-23 13:30:44,185 - INFO - 发现 2 个xlsx文件
2026-01-23 13:30:54,194 - INFO - 发现 2 个xlsx文件
2026-01-23 13:31:04,202 - INFO - 发现 2 个xlsx文件
2026-01-23 13:31:14,220 - INFO - 发现 2 个xlsx文件
2026-01-23 13:31:24,228 - INFO - 发现 2 个xlsx文件
2026-01-23 13:31:34,242 - INFO - 发现 2 个xlsx文件
2026-01-23 13:31:44,262 - INFO - 发现 2 个xlsx文件
2026-01-23 13:31:54,284 - INFO - 发现 2 个xlsx文件
2026-01-23 13:32:04,293 - INFO - 发现 2 个xlsx文件
2026-01-23 13:32:14,302 - INFO - 发现 2 个xlsx文件
2026-01-23 13:32:24,314 - INFO - 发现 2 个xlsx文件
2026-01-23 13:32:34,332 - INFO - 发现 2 个xlsx文件
2026-01-23 13:32:44,342 - INFO - 发现 2 个xlsx文件
2026-01-23 13:32:54,363 - INFO - 发现 2 个xlsx文件
2026-01-23 13:33:04,387 - INFO - 发现 2 个xlsx文件
2026-01-23 13:33:14,408 - INFO - 发现 2 个xlsx文件
2026-01-23 13:33:24,424 - INFO - 发现 2 个xlsx文件
2026-01-23 13:33:34,432 - INFO - 发现 2 个xlsx文件
2026-01-23 13:33:44,446 - INFO - 发现 2 个xlsx文件
2026-01-23 13:33:54,453 - INFO - 发现 2 个xlsx文件
2026-01-23 13:34:04,471 - INFO - 发现 2 个xlsx文件
2026-01-23 13:34:14,492 - INFO - 发现 2 个xlsx文件
2026-01-23 13:34:24,500 - INFO - 发现 2 个xlsx文件
2026-01-23 13:34:34,515 - INFO - 发现 2 个xlsx文件
2026-01-23 13:34:44,523 - INFO - 发现 2 个xlsx文件
2026-01-23 13:34:54,532 - INFO - 发现 2 个xlsx文件
2026-01-23 13:35:04,550 - INFO - 发现 2 个xlsx文件
2026-01-23 13:35:14,562 - INFO - 发现 2 个xlsx文件
2026-01-23 13:35:24,571 - INFO - 发现 2 个xlsx文件
2026-01-23 13:35:34,591 - INFO - 发现 2 个xlsx文件
2026-01-23 13:35:44,612 - INFO - 发现 2 个xlsx文件
2026-01-23 13:35:54,619 - INFO - 发现 2 个xlsx文件
2026-01-23 13:36:04,624 - INFO - 发现 2 个xlsx文件
2026-01-23 13:36:14,632 - INFO - 发现 2 个xlsx文件
2026-01-23 13:36:24,643 - INFO - 发现 2 个xlsx文件
2026-01-23 13:36:34,666 - INFO - 发现 2 个xlsx文件
2026-01-23 13:36:44,674 - INFO - 发现 2 个xlsx文件
2026-01-23 13:36:54,687 - INFO - 发现 2 个xlsx文件
2026-01-23 13:37:04,696 - INFO - 发现 2 个xlsx文件
2026-01-23 13:37:14,717 - INFO - 发现 2 个xlsx文件
2026-01-23 13:37:24,739 - INFO - 发现 2 个xlsx文件
2026-01-23 13:37:34,754 - INFO - 发现 2 个xlsx文件
2026-01-23 13:37:44,774 - INFO - 发现 2 个xlsx文件
2026-01-23 13:37:54,796 - INFO - 发现 2 个xlsx文件
2026-01-23 13:38:04,814 - INFO - 发现 2 个xlsx文件
2026-01-23 13:38:14,821 - INFO - 发现 2 个xlsx文件
2026-01-23 13:38:24,831 - INFO - 发现 2 个xlsx文件
2026-01-23 13:38:34,840 - INFO - 发现 2 个xlsx文件
2026-01-23 13:38:44,861 - INFO - 发现 2 个xlsx文件
2026-01-23 13:38:54,880 - INFO - 发现 2 个xlsx文件
2026-01-23 13:39:04,891 - INFO - 发现 2 个xlsx文件
2026-01-23 13:39:14,909 - INFO - 发现 2 个xlsx文件
2026-01-23 13:39:24,922 - INFO - 发现 2 个xlsx文件
2026-01-23 13:39:34,934 - INFO - 发现 2 个xlsx文件
2026-01-23 13:39:44,943 - INFO - 发现 2 个xlsx文件
2026-01-23 13:39:54,963 - INFO - 发现 2 个xlsx文件
2026-01-23 13:40:04,985 - INFO - 发现 2 个xlsx文件
2026-01-23 13:40:15,002 - INFO - 发现 2 个xlsx文件
2026-01-23 13:40:25,011 - INFO - 发现 2 个xlsx文件
2026-01-23 13:40:35,016 - INFO - 发现 2 个xlsx文件
2026-01-23 13:40:45,027 - INFO - 发现 2 个xlsx文件
2026-01-23 13:40:55,038 - INFO - 发现 2 个xlsx文件
2026-01-23 13:41:05,047 - INFO - 发现 2 个xlsx文件
2026-01-23 13:41:15,065 - INFO - 发现 2 个xlsx文件
2026-01-23 13:41:25,079 - INFO - 发现 2 个xlsx文件
2026-01-23 13:41:35,086 - INFO - 发现 2 个xlsx文件
2026-01-23 13:41:45,093 - INFO - 发现 2 个xlsx文件
2026-01-23 13:41:55,108 - INFO - 发现 2 个xlsx文件
2026-01-23 13:42:05,122 - INFO - 发现 2 个xlsx文件
2026-01-23 13:42:15,140 - INFO - 发现 2 个xlsx文件
2026-01-23 13:42:25,155 - INFO - 发现 2 个xlsx文件
2026-01-23 13:42:35,174 - INFO - 发现 2 个xlsx文件
2026-01-23 13:42:45,196 - INFO - 发现 2 个xlsx文件
2026-01-23 13:42:55,218 - INFO - 发现 2 个xlsx文件
2026-01-23 13:43:05,234 - INFO - 发现 2 个xlsx文件
2026-01-23 13:43:15,242 - INFO - 发现 2 个xlsx文件
2026-01-23 13:43:25,261 - INFO - 发现 2 个xlsx文件
2026-01-23 13:43:35,280 - INFO - 发现 2 个xlsx文件
2026-01-23 13:43:45,290 - INFO - 发现 2 个xlsx文件
2026-01-23 13:43:55,300 - INFO - 发现 2 个xlsx文件
2026-01-23 13:44:05,310 - INFO - 发现 2 个xlsx文件
2026-01-23 13:44:15,329 - INFO - 发现 2 个xlsx文件
2026-01-23 13:44:25,335 - INFO - 发现 2 个xlsx文件
2026-01-23 13:44:35,349 - INFO - 发现 2 个xlsx文件
2026-01-23 13:44:45,367 - INFO - 发现 2 个xlsx文件
2026-01-23 13:44:55,379 - INFO - 发现 2 个xlsx文件
2026-01-23 13:45:05,394 - INFO - 发现 2 个xlsx文件
2026-01-23 13:45:15,402 - INFO - 发现 2 个xlsx文件
2026-01-23 13:45:25,424 - INFO - 发现 2 个xlsx文件
2026-01-23 13:45:35,468 - INFO - 发现 2 个xlsx文件
2026-01-23 13:45:45,477 - INFO - 发现 2 个xlsx文件
2026-01-23 13:45:55,492 - INFO - 发现 2 个xlsx文件
2026-01-23 13:46:05,500 - INFO - 发现 2 个xlsx文件
2026-01-23 13:46:15,507 - INFO - 发现 2 个xlsx文件
2026-01-23 13:46:25,519 - INFO - 发现 2 个xlsx文件
2026-01-23 13:46:35,539 - INFO - 发现 2 个xlsx文件
2026-01-23 13:46:45,558 - INFO - 发现 2 个xlsx文件
2026-01-23 13:46:55,578 - INFO - 发现 2 个xlsx文件
2026-01-23 13:47:05,597 - INFO - 发现 2 个xlsx文件
2026-01-23 13:47:15,608 - INFO - 发现 2 个xlsx文件
2026-01-23 13:47:25,615 - INFO - 发现 2 个xlsx文件
2026-01-23 13:47:35,635 - INFO - 发现 2 个xlsx文件
2026-01-23 13:47:45,644 - INFO - 发现 2 个xlsx文件
2026-01-23 13:47:55,659 - INFO - 发现 2 个xlsx文件
2026-01-23 13:48:05,674 - INFO - 发现 2 个xlsx文件
2026-01-23 13:48:15,682 - INFO - 发现 2 个xlsx文件
2026-01-23 13:48:25,695 - INFO - 发现 2 个xlsx文件
2026-01-23 13:48:35,701 - INFO - 发现 2 个xlsx文件
2026-01-23 13:48:45,723 - INFO - 发现 2 个xlsx文件
2026-01-23 13:48:55,737 - INFO - 发现 2 个xlsx文件
2026-01-23 13:49:05,748 - INFO - 发现 2 个xlsx文件
2026-01-23 13:49:15,755 - INFO - 发现 2 个xlsx文件
2026-01-23 13:49:25,776 - INFO - 发现 2 个xlsx文件
2026-01-23 13:49:35,797 - INFO - 发现 2 个xlsx文件
2026-01-23 13:49:45,811 - INFO - 发现 2 个xlsx文件
2026-01-23 13:49:55,818 - INFO - 发现 2 个xlsx文件
2026-01-23 13:50:05,826 - INFO - 发现 2 个xlsx文件
2026-01-23 13:50:15,836 - INFO - 发现 2 个xlsx文件
2026-01-23 13:50:25,855 - INFO - 发现 2 个xlsx文件
2026-01-23 13:50:35,870 - INFO - 发现 2 个xlsx文件
2026-01-23 13:50:45,877 - INFO - 发现 2 个xlsx文件
2026-01-23 13:50:55,897 - INFO - 发现 2 个xlsx文件
2026-01-23 13:51:05,918 - INFO - 发现 2 个xlsx文件
2026-01-23 13:51:15,934 - INFO - 发现 2 个xlsx文件
2026-01-23 13:51:25,954 - INFO - 发现 2 个xlsx文件
2026-01-23 13:51:35,965 - INFO - 发现 2 个xlsx文件
2026-01-23 13:51:45,971 - INFO - 发现 2 个xlsx文件
2026-01-23 13:51:55,976 - INFO - 发现 2 个xlsx文件
2026-01-23 13:52:05,982 - INFO - 发现 2 个xlsx文件
2026-01-23 13:52:16,000 - INFO - 发现 2 个xlsx文件
2026-01-23 13:52:26,019 - INFO - 发现 2 个xlsx文件
2026-01-23 13:52:36,033 - INFO - 发现 2 个xlsx文件
2026-01-23 13:52:46,040 - INFO - 发现 2 个xlsx文件
2026-01-23 13:52:56,046 - INFO - 发现 2 个xlsx文件
2026-01-23 13:53:06,052 - INFO - 发现 2 个xlsx文件
2026-01-23 13:53:16,072 - INFO - 发现 2 个xlsx文件
2026-01-23 13:53:26,089 - INFO - 发现 2 个xlsx文件
2026-01-23 13:53:36,104 - INFO - 发现 2 个xlsx文件
2026-01-23 13:53:46,112 - INFO - 发现 2 个xlsx文件
2026-01-23 13:53:56,130 - INFO - 发现 2 个xlsx文件
2026-01-23 13:54:06,152 - INFO - 发现 2 个xlsx文件
2026-01-23 13:54:16,173 - INFO - 发现 2 个xlsx文件
2026-01-23 13:54:26,181 - INFO - 发现 2 个xlsx文件
2026-01-23 13:54:36,200 - INFO - 发现 2 个xlsx文件
2026-01-23 13:54:46,212 - INFO - 发现 2 个xlsx文件
2026-01-23 13:54:56,226 - INFO - 发现 2 个xlsx文件
2026-01-23 13:55:06,234 - INFO - 发现 2 个xlsx文件
2026-01-23 13:55:16,242 - INFO - 发现 2 个xlsx文件
2026-01-23 13:55:26,251 - INFO - 发现 2 个xlsx文件
2026-01-23 13:55:36,269 - INFO - 发现 2 个xlsx文件
2026-01-23 13:55:46,278 - INFO - 发现 2 个xlsx文件
2026-01-23 13:55:56,293 - INFO - 发现 2 个xlsx文件
2026-01-23 13:56:06,309 - INFO - 发现 2 个xlsx文件
2026-01-23 13:56:16,325 - INFO - 发现 2 个xlsx文件
2026-01-23 13:56:26,332 - INFO - 发现 2 个xlsx文件
2026-01-23 13:56:36,340 - INFO - 发现 2 个xlsx文件
2026-01-23 13:56:46,363 - INFO - 发现 2 个xlsx文件
2026-01-23 13:56:56,372 - INFO - 发现 2 个xlsx文件
2026-01-23 13:57:06,380 - INFO - 发现 2 个xlsx文件
2026-01-23 13:57:16,393 - INFO - 发现 2 个xlsx文件
2026-01-23 13:57:26,426 - INFO - 发现 2 个xlsx文件
2026-01-23 13:57:36,446 - INFO - 发现 2 个xlsx文件
2026-01-23 13:57:46,460 - INFO - 发现 2 个xlsx文件
2026-01-23 13:57:56,467 - INFO - 发现 2 个xlsx文件
2026-01-23 13:58:06,487 - INFO - 发现 2 个xlsx文件
2026-01-23 13:58:16,497 - INFO - 发现 2 个xlsx文件
2026-01-23 13:58:26,511 - INFO - 发现 2 个xlsx文件
2026-01-23 13:58:36,520 - INFO - 发现 2 个xlsx文件
2026-01-23 13:58:46,533 - INFO - 发现 2 个xlsx文件
2026-01-23 13:58:56,544 - INFO - 发现 2 个xlsx文件
2026-01-23 13:59:06,561 - INFO - 发现 2 个xlsx文件
2026-01-23 13:59:16,573 - INFO - 发现 2 个xlsx文件
2026-01-23 13:59:26,589 - INFO - 发现 2 个xlsx文件
2026-01-23 13:59:36,598 - INFO - 发现 2 个xlsx文件
2026-01-23 13:59:46,603 - INFO - 发现 2 个xlsx文件
2026-01-23 13:59:56,610 - INFO - 发现 2 个xlsx文件
2026-01-23 14:00:06,629 - INFO - 发现 2 个xlsx文件
2026-01-23 14:00:16,641 - INFO - 发现 2 个xlsx文件
2026-01-23 14:00:26,662 - INFO - 发现 2 个xlsx文件
2026-01-23 14:00:36,669 - INFO - 发现 2 个xlsx文件
2026-01-23 14:00:46,674 - INFO - 发现 2 个xlsx文件
2026-01-23 14:00:56,680 - INFO - 发现 2 个xlsx文件
2026-01-23 14:01:06,687 - INFO - 发现 2 个xlsx文件
2026-01-23 14:01:16,693 - INFO - 发现 2 个xlsx文件
2026-01-23 14:01:26,699 - INFO - 发现 2 个xlsx文件
2026-01-23 14:01:36,707 - INFO - 发现 2 个xlsx文件
2026-01-23 14:01:46,714 - INFO - 发现 2 个xlsx文件
2026-01-23 14:01:56,726 - INFO - 发现 2 个xlsx文件
2026-01-23 14:02:06,734 - INFO - 发现 2 个xlsx文件
2026-01-23 14:02:16,740 - INFO - 发现 2 个xlsx文件
2026-01-23 14:02:26,752 - INFO - 发现 2 个xlsx文件
2026-01-23 14:02:36,761 - INFO - 发现 2 个xlsx文件
2026-01-23 14:02:46,768 - INFO - 发现 2 个xlsx文件
2026-01-23 14:02:56,775 - INFO - 发现 2 个xlsx文件
2026-01-23 14:03:06,784 - INFO - 发现 2 个xlsx文件
2026-01-23 14:03:16,800 - INFO - 发现 2 个xlsx文件
2026-01-23 14:03:26,809 - INFO - 发现 2 个xlsx文件
2026-01-23 14:03:36,819 - INFO - 发现 2 个xlsx文件
2026-01-23 14:03:46,828 - INFO - 发现 2 个xlsx文件
2026-01-23 14:03:56,835 - INFO - 发现 2 个xlsx文件
2026-01-23 14:04:06,851 - INFO - 发现 2 个xlsx文件
2026-01-23 14:04:16,863 - INFO - 发现 2 个xlsx文件
2026-01-23 14:04:26,868 - INFO - 发现 2 个xlsx文件
2026-01-23 14:04:36,876 - INFO - 发现 2 个xlsx文件
2026-01-23 14:04:46,890 - INFO - 发现 2 个xlsx文件
2026-01-23 14:04:56,898 - INFO - 发现 2 个xlsx文件
2026-01-23 14:05:06,904 - INFO - 发现 2 个xlsx文件
2026-01-23 14:05:16,911 - INFO - 发现 2 个xlsx文件
2026-01-23 14:05:26,919 - INFO - 发现 2 个xlsx文件
2026-01-23 14:05:36,928 - INFO - 发现 2 个xlsx文件
2026-01-23 14:05:46,940 - INFO - 发现 2 个xlsx文件
2026-01-23 14:05:56,948 - INFO - 发现 2 个xlsx文件
2026-01-23 14:06:06,952 - INFO - 发现 2 个xlsx文件
2026-01-23 14:06:16,958 - INFO - 发现 2 个xlsx文件
2026-01-23 14:06:26,964 - INFO - 发现 2 个xlsx文件
2026-01-23 14:06:36,971 - INFO - 发现 2 个xlsx文件
2026-01-23 14:06:46,978 - INFO - 发现 2 个xlsx文件
2026-01-23 14:06:57,015 - INFO - 发现 2 个xlsx文件
2026-01-23 14:07:07,025 - INFO - 发现 2 个xlsx文件
2026-01-23 14:07:17,031 - INFO - 发现 2 个xlsx文件
2026-01-23 14:07:27,044 - INFO - 发现 2 个xlsx文件
2026-01-23 14:07:37,061 - INFO - 发现 2 个xlsx文件
2026-01-23 14:07:47,076 - INFO - 发现 2 个xlsx文件
2026-01-23 14:07:57,082 - INFO - 发现 2 个xlsx文件
2026-01-23 14:08:07,088 - INFO - 发现 2 个xlsx文件
2026-01-23 14:08:17,094 - INFO - 发现 2 个xlsx文件
2026-01-23 14:08:27,100 - INFO - 发现 2 个xlsx文件
2026-01-23 14:08:37,108 - INFO - 发现 2 个xlsx文件
2026-01-23 14:08:47,114 - INFO - 发现 2 个xlsx文件
2026-01-23 14:08:57,120 - INFO - 发现 2 个xlsx文件
2026-01-23 14:09:07,127 - INFO - 发现 2 个xlsx文件
2026-01-23 14:09:17,133 - INFO - 发现 2 个xlsx文件
2026-01-23 14:09:27,139 - INFO - 发现 2 个xlsx文件
2026-01-23 14:09:37,165 - INFO - 发现 2 个xlsx文件
2026-01-23 14:09:47,188 - INFO - 发现 2 个xlsx文件
2026-01-23 14:09:57,199 - INFO - 发现 2 个xlsx文件
2026-01-23 14:10:07,205 - INFO - 发现 2 个xlsx文件
2026-01-23 14:10:17,253 - INFO - 发现 2 个xlsx文件
2026-01-23 14:10:27,265 - INFO - 发现 2 个xlsx文件
2026-01-23 14:10:37,278 - INFO - 发现 2 个xlsx文件
2026-01-23 14:10:47,286 - INFO - 发现 2 个xlsx文件
2026-01-23 14:10:57,310 - INFO - 发现 2 个xlsx文件
2026-01-23 14:11:07,318 - INFO - 发现 2 个xlsx文件
2026-01-23 14:11:17,332 - INFO - 发现 2 个xlsx文件
2026-01-23 14:11:27,340 - INFO - 发现 2 个xlsx文件
2026-01-23 14:11:37,345 - INFO - 发现 2 个xlsx文件
2026-01-23 14:11:47,350 - INFO - 发现 2 个xlsx文件
2026-01-23 14:11:57,355 - INFO - 发现 2 个xlsx文件
2026-01-23 14:12:07,362 - INFO - 发现 2 个xlsx文件
2026-01-23 14:12:17,368 - INFO - 发现 2 个xlsx文件
2026-01-23 14:12:27,374 - INFO - 发现 2 个xlsx文件
2026-01-23 14:12:37,383 - INFO - 发现 2 个xlsx文件
2026-01-23 14:12:47,392 - INFO - 发现 2 个xlsx文件
2026-01-23 14:12:57,399 - INFO - 发现 2 个xlsx文件
2026-01-23 14:13:07,411 - INFO - 发现 2 个xlsx文件
2026-01-23 14:13:17,418 - INFO - 发现 2 个xlsx文件
2026-01-23 14:13:27,425 - INFO - 发现 2 个xlsx文件
2026-01-23 14:13:37,432 - INFO - 发现 2 个xlsx文件
2026-01-23 14:13:47,438 - INFO - 发现 2 个xlsx文件
2026-01-23 14:13:57,443 - INFO - 发现 2 个xlsx文件
2026-01-23 14:14:07,450 - INFO - 发现 2 个xlsx文件
2026-01-23 14:14:17,457 - INFO - 发现 2 个xlsx文件
2026-01-23 14:14:27,464 - INFO - 发现 2 个xlsx文件
2026-01-23 14:14:37,470 - INFO - 发现 2 个xlsx文件
2026-01-23 14:14:47,477 - INFO - 发现 2 个xlsx文件
2026-01-23 14:14:57,482 - INFO - 发现 2 个xlsx文件
2026-01-23 14:15:07,489 - INFO - 发现 2 个xlsx文件
2026-01-23 14:15:17,494 - INFO - 发现 2 个xlsx文件
2026-01-23 14:15:27,504 - INFO - 发现 2 个xlsx文件
2026-01-23 14:15:37,512 - INFO - 发现 2 个xlsx文件
2026-01-23 14:15:47,521 - INFO - 发现 2 个xlsx文件
2026-01-23 14:15:57,529 - INFO - 发现 2 个xlsx文件
2026-01-23 14:16:07,539 - INFO - 发现 2 个xlsx文件
2026-01-23 14:16:17,547 - INFO - 发现 2 个xlsx文件
2026-01-23 14:16:27,552 - INFO - 发现 2 个xlsx文件
2026-01-23 14:16:37,616 - INFO - 发现 2 个xlsx文件
2026-01-23 14:16:47,626 - INFO - 发现 2 个xlsx文件
2026-01-23 14:16:57,638 - INFO - 发现 2 个xlsx文件
2026-01-23 14:17:07,644 - INFO - 发现 2 个xlsx文件
2026-01-23 14:17:17,659 - INFO - 发现 2 个xlsx文件
2026-01-23 14:17:27,678 - INFO - 发现 2 个xlsx文件
2026-01-23 14:17:37,687 - INFO - 发现 2 个xlsx文件
2026-01-23 14:17:47,696 - INFO - 发现 2 个xlsx文件
2026-01-23 14:17:57,701 - INFO - 发现 2 个xlsx文件
2026-01-23 14:18:07,709 - INFO - 发现 2 个xlsx文件
2026-01-23 14:18:17,724 - INFO - 发现 2 个xlsx文件
2026-01-23 14:18:27,731 - INFO - 发现 2 个xlsx文件
2026-01-23 14:18:37,737 - INFO - 发现 2 个xlsx文件
2026-01-23 14:18:47,743 - INFO - 发现 2 个xlsx文件
2026-01-23 14:18:57,750 - INFO - 发现 2 个xlsx文件
2026-01-23 14:19:07,756 - INFO - 发现 2 个xlsx文件
2026-01-23 14:19:17,761 - INFO - 发现 2 个xlsx文件
2026-01-23 14:19:27,767 - INFO - 发现 2 个xlsx文件
2026-01-23 14:19:37,773 - INFO - 发现 2 个xlsx文件
2026-01-23 14:19:47,778 - INFO - 发现 2 个xlsx文件
2026-01-23 14:19:57,784 - INFO - 发现 2 个xlsx文件
2026-01-23 14:20:07,789 - INFO - 发现 2 个xlsx文件
2026-01-23 14:20:17,811 - INFO - 发现 2 个xlsx文件
2026-01-23 14:20:27,821 - INFO - 发现 2 个xlsx文件
2026-01-23 14:20:37,839 - INFO - 发现 2 个xlsx文件
2026-01-23 14:20:47,846 - INFO - 发现 2 个xlsx文件
2026-01-23 14:20:57,859 - INFO - 发现 2 个xlsx文件
2026-01-23 14:21:07,865 - INFO - 发现 2 个xlsx文件
2026-01-23 14:21:17,870 - INFO - 发现 2 个xlsx文件
2026-01-23 14:21:27,877 - INFO - 发现 2 个xlsx文件
2026-01-23 14:21:37,885 - INFO - 发现 2 个xlsx文件
2026-01-23 14:21:47,891 - INFO - 发现 2 个xlsx文件
2026-01-23 14:21:57,898 - INFO - 发现 2 个xlsx文件
2026-01-23 14:22:07,906 - INFO - 发现 2 个xlsx文件
2026-01-23 14:22:17,912 - INFO - 发现 2 个xlsx文件
2026-01-23 14:22:27,917 - INFO - 发现 2 个xlsx文件
2026-01-23 14:22:37,922 - INFO - 发现 2 个xlsx文件
2026-01-23 14:22:47,931 - INFO - 发现 2 个xlsx文件
2026-01-23 14:22:57,939 - INFO - 发现 2 个xlsx文件
2026-01-23 14:23:07,945 - INFO - 发现 2 个xlsx文件
2026-01-23 14:23:17,951 - INFO - 发现 2 个xlsx文件
2026-01-23 14:23:27,956 - INFO - 发现 2 个xlsx文件
2026-01-23 14:23:37,963 - INFO - 发现 2 个xlsx文件
2026-01-23 14:23:47,970 - INFO - 发现 2 个xlsx文件
2026-01-23 14:23:57,976 - INFO - 发现 2 个xlsx文件
2026-01-23 14:24:07,983 - INFO - 发现 2 个xlsx文件
2026-01-23 14:24:17,990 - INFO - 发现 2 个xlsx文件
2026-01-23 14:24:27,995 - INFO - 发现 2 个xlsx文件
2026-01-23 14:24:38,011 - INFO - 发现 2 个xlsx文件
2026-01-23 14:24:48,017 - INFO - 发现 2 个xlsx文件
2026-01-23 14:24:58,026 - INFO - 发现 2 个xlsx文件
2026-01-23 14:25:08,033 - INFO - 发现 2 个xlsx文件
2026-01-23 14:25:18,040 - INFO - 发现 2 个xlsx文件
2026-01-23 14:25:28,049 - INFO - 发现 2 个xlsx文件
2026-01-23 14:25:38,059 - INFO - 发现 2 个xlsx文件
2026-01-23 14:25:48,066 - INFO - 发现 2 个xlsx文件
2026-01-23 14:25:58,071 - INFO - 发现 2 个xlsx文件
2026-01-23 14:26:08,079 - INFO - 发现 2 个xlsx文件
2026-01-23 14:26:18,085 - INFO - 发现 2 个xlsx文件
2026-01-23 14:26:28,109 - INFO - 发现 2 个xlsx文件
2026-01-23 14:26:38,118 - INFO - 发现 2 个xlsx文件
2026-01-23 14:26:48,126 - INFO - 发现 2 个xlsx文件
2026-01-23 14:26:58,137 - INFO - 发现 2 个xlsx文件
2026-01-23 14:27:08,159 - INFO - 发现 2 个xlsx文件
2026-01-23 14:27:18,180 - INFO - 发现 2 个xlsx文件
2026-01-23 14:27:28,200 - INFO - 发现 2 个xlsx文件
2026-01-23 14:27:38,206 - INFO - 发现 2 个xlsx文件
2026-01-23 14:27:48,212 - INFO - 发现 2 个xlsx文件
2026-01-23 14:27:58,219 - INFO - 发现 2 个xlsx文件
2026-01-23 14:28:08,225 - INFO - 发现 2 个xlsx文件
2026-01-23 14:28:18,231 - INFO - 发现 2 个xlsx文件
2026-01-23 14:28:28,248 - INFO - 发现 2 个xlsx文件
2026-01-23 14:28:38,265 - INFO - 发现 2 个xlsx文件
2026-01-23 14:28:48,278 - INFO - 发现 2 个xlsx文件
2026-01-23 14:28:58,283 - INFO - 发现 2 个xlsx文件
2026-01-23 14:29:08,306 - INFO - 发现 2 个xlsx文件
2026-01-23 14:29:18,313 - INFO - 发现 2 个xlsx文件
2026-01-23 14:29:28,319 - INFO - 发现 2 个xlsx文件
2026-01-23 14:29:38,325 - INFO - 发现 2 个xlsx文件
2026-01-23 14:29:48,333 - INFO - 发现 2 个xlsx文件
2026-01-23 14:29:58,341 - INFO - 发现 2 个xlsx文件
2026-01-23 14:30:08,347 - INFO - 发现 2 个xlsx文件
2026-01-23 14:30:18,356 - INFO - 发现 2 个xlsx文件
2026-01-23 14:30:28,378 - INFO - 发现 2 个xlsx文件
2026-01-23 14:30:38,399 - INFO - 发现 2 个xlsx文件
2026-01-23 14:30:48,406 - INFO - 发现 2 个xlsx文件
2026-01-23 14:30:58,413 - INFO - 发现 2 个xlsx文件
2026-01-23 14:31:08,422 - INFO - 发现 2 个xlsx文件
2026-01-23 14:31:18,429 - INFO - 发现 2 个xlsx文件
2026-01-23 14:31:28,438 - INFO - 发现 2 个xlsx文件
2026-01-23 14:31:38,443 - INFO - 发现 2 个xlsx文件
2026-01-23 14:31:48,453 - INFO - 发现 2 个xlsx文件
2026-01-23 14:31:58,475 - INFO - 发现 2 个xlsx文件
2026-01-23 14:32:08,487 - INFO - 发现 2 个xlsx文件
2026-01-23 14:32:18,499 - INFO - 发现 2 个xlsx文件
2026-01-23 14:32:28,507 - INFO - 发现 2 个xlsx文件
2026-01-23 14:32:38,514 - INFO - 发现 2 个xlsx文件
2026-01-23 14:32:48,520 - INFO - 发现 2 个xlsx文件
2026-01-23 14:32:58,528 - INFO - 发现 2 个xlsx文件
2026-01-23 14:33:08,547 - INFO - 发现 2 个xlsx文件
2026-01-23 14:33:18,561 - INFO - 发现 2 个xlsx文件
2026-01-23 14:33:28,567 - INFO - 发现 2 个xlsx文件
2026-01-23 14:33:38,578 - INFO - 发现 2 个xlsx文件
2026-01-23 14:33:48,584 - INFO - 发现 2 个xlsx文件
2026-01-23 14:33:58,593 - INFO - 发现 2 个xlsx文件
2026-01-23 14:34:08,601 - INFO - 发现 2 个xlsx文件
2026-01-23 14:34:18,606 - INFO - 发现 2 个xlsx文件
2026-01-23 14:34:28,613 - INFO - 发现 2 个xlsx文件
2026-01-23 14:34:38,620 - INFO - 发现 2 个xlsx文件
2026-01-23 14:34:48,627 - INFO - 发现 2 个xlsx文件
2026-01-23 14:34:58,636 - INFO - 发现 2 个xlsx文件
2026-01-23 14:35:08,645 - INFO - 发现 2 个xlsx文件
2026-01-23 14:35:18,653 - INFO - 发现 2 个xlsx文件
2026-01-23 14:35:28,659 - INFO - 发现 2 个xlsx文件
2026-01-23 14:35:38,666 - INFO - 发现 2 个xlsx文件
2026-01-23 14:35:48,674 - INFO - 发现 2 个xlsx文件
2026-01-23 14:35:58,683 - INFO - 发现 2 个xlsx文件
2026-01-23 14:36:08,693 - INFO - 发现 2 个xlsx文件
2026-01-23 14:36:18,700 - INFO - 发现 2 个xlsx文件
2026-01-23 14:36:28,708 - INFO - 发现 2 个xlsx文件
2026-01-23 14:36:38,731 - INFO - 发现 2 个xlsx文件
2026-01-23 14:36:48,738 - INFO - 发现 2 个xlsx文件
2026-01-23 14:36:58,749 - INFO - 发现 2 个xlsx文件
2026-01-23 14:37:08,756 - INFO - 发现 2 个xlsx文件
2026-01-23 14:37:18,762 - INFO - 发现 2 个xlsx文件
2026-01-23 14:37:28,768 - INFO - 发现 2 个xlsx文件
2026-01-23 14:37:38,776 - INFO - 发现 2 个xlsx文件
2026-01-23 14:37:48,782 - INFO - 发现 2 个xlsx文件
2026-01-23 14:37:58,791 - INFO - 发现 2 个xlsx文件
2026-01-23 14:38:08,798 - INFO - 发现 2 个xlsx文件
2026-01-23 14:38:18,835 - INFO - 发现 2 个xlsx文件
2026-01-23 14:38:28,855 - INFO - 发现 2 个xlsx文件
2026-01-23 14:38:38,863 - INFO - 发现 2 个xlsx文件
2026-01-23 14:38:48,874 - INFO - 发现 2 个xlsx文件
2026-01-23 14:38:58,895 - INFO - 发现 2 个xlsx文件
2026-01-23 14:39:08,904 - INFO - 发现 2 个xlsx文件
2026-01-23 14:39:18,920 - INFO - 发现 2 个xlsx文件
2026-01-23 14:39:28,930 - INFO - 发现 2 个xlsx文件
2026-01-23 14:39:38,936 - INFO - 发现 2 个xlsx文件
2026-01-23 14:39:48,947 - INFO - 发现 2 个xlsx文件
2026-01-23 14:39:58,967 - INFO - 发现 2 个xlsx文件
2026-01-23 14:40:08,978 - INFO - 发现 2 个xlsx文件
2026-01-23 14:40:18,999 - INFO - 发现 2 个xlsx文件
2026-01-23 14:40:29,007 - INFO - 发现 2 个xlsx文件
2026-01-23 14:40:39,027 - INFO - 发现 2 个xlsx文件
2026-01-23 14:40:49,036 - INFO - 发现 2 个xlsx文件
2026-01-23 14:40:59,052 - INFO - 发现 2 个xlsx文件
2026-01-23 14:41:09,064 - INFO - 发现 2 个xlsx文件
2026-01-23 14:41:19,084 - INFO - 发现 2 个xlsx文件
2026-01-23 14:41:29,106 - INFO - 发现 2 个xlsx文件
2026-01-23 14:41:39,127 - INFO - 发现 2 个xlsx文件
2026-01-23 14:41:49,146 - INFO - 发现 2 个xlsx文件
2026-01-23 14:41:59,166 - INFO - 发现 2 个xlsx文件
2026-01-23 14:42:09,176 - INFO - 发现 2 个xlsx文件
2026-01-23 14:42:19,183 - INFO - 发现 2 个xlsx文件
2026-01-23 14:42:29,193 - INFO - 发现 2 个xlsx文件
2026-01-23 14:42:39,204 - INFO - 发现 2 个xlsx文件
2026-01-23 14:42:49,227 - INFO - 发现 2 个xlsx文件
2026-01-23 14:42:59,244 - INFO - 发现 2 个xlsx文件
2026-01-23 14:43:09,255 - INFO - 发现 2 个xlsx文件
2026-01-23 14:43:19,264 - INFO - 发现 2 个xlsx文件
2026-01-23 14:43:29,283 - INFO - 发现 2 个xlsx文件
2026-01-23 14:43:39,295 - INFO - 发现 2 个xlsx文件
2026-01-23 14:43:49,310 - INFO - 发现 2 个xlsx文件
2026-01-23 14:43:59,334 - INFO - 发现 2 个xlsx文件
2026-01-23 14:44:09,345 - INFO - 发现 2 个xlsx文件
2026-01-23 14:44:19,364 - INFO - 发现 2 个xlsx文件
2026-01-23 14:44:29,373 - INFO - 发现 2 个xlsx文件
2026-01-23 14:44:39,378 - INFO - 发现 2 个xlsx文件
2026-01-23 14:44:49,392 - INFO - 发现 2 个xlsx文件
2026-01-23 14:44:59,400 - INFO - 发现 2 个xlsx文件
2026-01-23 14:45:09,438 - INFO - 发现 2 个xlsx文件
2026-01-23 14:45:19,458 - INFO - 发现 2 个xlsx文件
2026-01-23 14:45:29,470 - INFO - 发现 2 个xlsx文件
2026-01-23 14:45:39,482 - INFO - 发现 2 个xlsx文件
2026-01-23 14:45:49,496 - INFO - 发现 2 个xlsx文件
2026-01-23 14:45:59,518 - INFO - 发现 2 个xlsx文件
2026-01-23 14:46:09,528 - INFO - 发现 2 个xlsx文件
2026-01-23 14:46:19,548 - INFO - 发现 2 个xlsx文件
2026-01-23 14:46:29,559 - INFO - 发现 2 个xlsx文件
2026-01-23 14:46:39,565 - INFO - 发现 2 个xlsx文件
2026-01-23 14:46:49,585 - INFO - 发现 2 个xlsx文件
2026-01-23 14:46:59,594 - INFO - 发现 2 个xlsx文件
2026-01-23 14:47:09,601 - INFO - 发现 2 个xlsx文件
2026-01-23 14:47:19,609 - INFO - 发现 2 个xlsx文件
2026-01-23 14:47:29,630 - INFO - 发现 2 个xlsx文件
2026-01-23 14:47:39,653 - INFO - 发现 2 个xlsx文件
2026-01-23 14:47:49,672 - INFO - 发现 2 个xlsx文件
2026-01-23 14:47:59,692 - INFO - 发现 2 个xlsx文件
2026-01-23 14:48:09,700 - INFO - 发现 2 个xlsx文件
2026-01-23 14:48:19,713 - INFO - 发现 2 个xlsx文件
2026-01-23 14:48:29,721 - INFO - 发现 2 个xlsx文件
2026-01-23 14:48:39,728 - INFO - 发现 2 个xlsx文件
2026-01-23 14:48:49,736 - INFO - 发现 2 个xlsx文件
2026-01-23 14:48:59,743 - INFO - 发现 2 个xlsx文件
2026-01-23 14:49:09,750 - INFO - 发现 2 个xlsx文件
2026-01-23 14:49:19,763 - INFO - 发现 2 个xlsx文件
2026-01-23 14:49:29,770 - INFO - 发现 2 个xlsx文件
2026-01-23 14:49:39,775 - INFO - 发现 2 个xlsx文件
2026-01-23 14:49:49,781 - INFO - 发现 2 个xlsx文件
2026-01-23 14:49:59,787 - INFO - 发现 2 个xlsx文件
2026-01-23 14:50:09,794 - INFO - 发现 2 个xlsx文件
2026-01-23 14:50:19,800 - INFO - 发现 2 个xlsx文件
2026-01-23 14:50:29,806 - INFO - 发现 2 个xlsx文件
2026-01-23 14:50:39,814 - INFO - 发现 2 个xlsx文件
2026-01-23 14:50:49,823 - INFO - 发现 2 个xlsx文件
2026-01-23 14:50:59,829 - INFO - 发现 2 个xlsx文件
2026-01-23 14:51:09,833 - INFO - 发现 2 个xlsx文件
2026-01-23 14:51:19,842 - INFO - 发现 2 个xlsx文件
2026-01-23 14:51:29,847 - INFO - 发现 2 个xlsx文件
2026-01-23 14:51:39,857 - INFO - 发现 2 个xlsx文件
2026-01-23 14:51:49,863 - INFO - 发现 2 个xlsx文件
2026-01-23 14:51:59,874 - INFO - 发现 2 个xlsx文件
2026-01-23 14:52:09,883 - INFO - 发现 2 个xlsx文件
2026-01-23 14:52:19,888 - INFO - 发现 2 个xlsx文件
2026-01-23 14:52:29,893 - INFO - 发现 2 个xlsx文件
2026-01-23 14:52:39,898 - INFO - 发现 2 个xlsx文件
2026-01-23 14:52:49,904 - INFO - 发现 2 个xlsx文件
2026-01-23 14:52:59,915 - INFO - 发现 2 个xlsx文件
2026-01-23 14:53:09,921 - INFO - 发现 2 个xlsx文件
2026-01-23 14:53:19,926 - INFO - 发现 2 个xlsx文件
2026-01-23 14:53:29,931 - INFO - 发现 2 个xlsx文件
2026-01-23 14:53:39,937 - INFO - 发现 2 个xlsx文件
2026-01-23 14:53:49,944 - INFO - 发现 2 个xlsx文件
2026-01-23 14:53:59,952 - INFO - 发现 2 个xlsx文件
2026-01-23 14:54:09,961 - INFO - 发现 2 个xlsx文件
2026-01-23 14:54:19,972 - INFO - 发现 2 个xlsx文件
2026-01-23 14:54:29,980 - INFO - 发现 2 个xlsx文件
2026-01-23 14:54:40,005 - INFO - 发现 2 个xlsx文件
2026-01-23 14:54:50,012 - INFO - 发现 2 个xlsx文件
2026-01-23 14:55:00,022 - INFO - 发现 2 个xlsx文件
2026-01-23 14:55:10,031 - INFO - 发现 2 个xlsx文件
2026-01-23 14:55:20,037 - INFO - 发现 2 个xlsx文件
2026-01-23 14:55:30,044 - INFO - 发现 2 个xlsx文件
2026-01-23 14:55:40,055 - INFO - 发现 2 个xlsx文件
2026-01-23 14:55:50,063 - INFO - 发现 2 个xlsx文件
2026-01-23 14:56:00,068 - INFO - 发现 2 个xlsx文件
2026-01-23 14:56:10,073 - INFO - 发现 2 个xlsx文件
2026-01-23 14:56:20,087 - INFO - 发现 2 个xlsx文件
2026-01-23 14:56:30,104 - INFO - 发现 2 个xlsx文件
2026-01-23 14:56:40,121 - INFO - 发现 2 个xlsx文件
2026-01-23 14:56:50,130 - INFO - 发现 2 个xlsx文件
2026-01-23 14:57:00,137 - INFO - 发现 2 个xlsx文件
2026-01-23 14:57:10,147 - INFO - 发现 2 个xlsx文件
2026-01-23 14:57:20,156 - INFO - 发现 2 个xlsx文件
2026-01-23 14:57:30,162 - INFO - 发现 2 个xlsx文件
2026-01-23 14:57:40,167 - INFO - 发现 2 个xlsx文件
2026-01-23 14:57:50,175 - INFO - 发现 2 个xlsx文件
2026-01-23 14:58:00,183 - INFO - 发现 2 个xlsx文件
2026-01-23 14:58:10,191 - INFO - 发现 2 个xlsx文件
2026-01-23 14:58:20,197 - INFO - 发现 2 个xlsx文件
2026-01-23 14:58:30,203 - INFO - 发现 2 个xlsx文件
2026-01-23 14:58:40,209 - INFO - 发现 2 个xlsx文件
2026-01-23 14:58:50,217 - INFO - 发现 2 个xlsx文件
2026-01-23 14:59:00,222 - INFO - 发现 2 个xlsx文件
2026-01-23 14:59:10,229 - INFO - 发现 2 个xlsx文件
2026-01-23 14:59:20,235 - INFO - 发现 2 个xlsx文件
2026-01-23 14:59:30,242 - INFO - 发现 2 个xlsx文件
2026-01-23 14:59:40,248 - INFO - 发现 2 个xlsx文件
2026-01-23 14:59:50,257 - INFO - 发现 2 个xlsx文件
2026-01-23 15:00:00,264 - INFO - 发现 2 个xlsx文件
2026-01-23 15:00:10,273 - INFO - 发现 2 个xlsx文件
2026-01-23 15:00:20,278 - INFO - 发现 2 个xlsx文件
2026-01-23 15:00:30,291 - INFO - 发现 2 个xlsx文件
2026-01-23 15:00:40,298 - INFO - 发现 2 个xlsx文件
2026-01-23 15:00:50,307 - INFO - 发现 2 个xlsx文件
2026-01-23 15:01:00,313 - INFO - 发现 2 个xlsx文件
2026-01-23 15:01:10,321 - INFO - 发现 2 个xlsx文件
2026-01-23 15:01:20,328 - INFO - 发现 2 个xlsx文件
2026-01-23 15:01:30,346 - INFO - 发现 2 个xlsx文件
2026-01-23 15:01:40,359 - INFO - 发现 2 个xlsx文件
2026-01-23 15:01:50,365 - INFO - 发现 2 个xlsx文件
2026-01-23 15:02:00,374 - INFO - 发现 2 个xlsx文件
2026-01-23 15:02:10,382 - INFO - 发现 2 个xlsx文件
2026-01-23 15:02:20,389 - INFO - 发现 2 个xlsx文件
2026-01-23 15:02:30,397 - INFO - 发现 2 个xlsx文件
2026-01-23 15:02:40,404 - INFO - 发现 2 个xlsx文件
2026-01-23 15:02:50,420 - INFO - 发现 2 个xlsx文件
2026-01-23 15:03:00,432 - INFO - 发现 2 个xlsx文件
2026-01-23 15:03:10,438 - INFO - 发现 2 个xlsx文件
2026-01-23 15:03:20,444 - INFO - 发现 2 个xlsx文件
2026-01-23 15:03:30,451 - INFO - 发现 2 个xlsx文件
2026-01-23 15:03:40,459 - INFO - 发现 2 个xlsx文件
2026-01-23 15:03:50,469 - INFO - 发现 2 个xlsx文件
2026-01-23 15:04:00,476 - INFO - 发现 2 个xlsx文件
2026-01-23 15:04:10,482 - INFO - 发现 2 个xlsx文件
2026-01-23 15:04:20,488 - INFO - 发现 2 个xlsx文件
2026-01-23 15:04:30,494 - INFO - 发现 2 个xlsx文件
2026-01-23 15:04:40,500 - INFO - 发现 2 个xlsx文件
2026-01-23 15:04:50,507 - INFO - 发现 2 个xlsx文件
2026-01-23 15:05:00,518 - INFO - 发现 2 个xlsx文件
2026-01-23 15:05:10,532 - INFO - 发现 2 个xlsx文件
2026-01-23 15:05:20,542 - INFO - 发现 2 个xlsx文件
2026-01-23 15:05:30,549 - INFO - 发现 2 个xlsx文件
2026-01-23 15:05:40,556 - INFO - 发现 2 个xlsx文件
2026-01-23 15:05:50,561 - INFO - 发现 2 个xlsx文件
2026-01-23 15:06:00,569 - INFO - 发现 2 个xlsx文件
2026-01-23 15:06:10,579 - INFO - 发现 2 个xlsx文件
2026-01-23 15:06:20,588 - INFO - 发现 2 个xlsx文件
2026-01-23 15:06:30,597 - INFO - 发现 2 个xlsx文件
2026-01-23 15:06:40,604 - INFO - 发现 2 个xlsx文件
2026-01-23 15:06:50,610 - INFO - 发现 2 个xlsx文件
2026-01-23 15:07:00,615 - INFO - 发现 2 个xlsx文件
2026-01-23 15:07:10,621 - INFO - 发现 2 个xlsx文件
2026-01-23 15:07:20,626 - INFO - 发现 2 个xlsx文件
2026-01-23 15:07:30,633 - INFO - 发现 2 个xlsx文件
2026-01-23 15:07:40,639 - INFO - 发现 2 个xlsx文件
2026-01-23 15:07:50,647 - INFO - 发现 2 个xlsx文件
2026-01-23 15:08:00,654 - INFO - 发现 2 个xlsx文件
2026-01-23 15:08:10,661 - INFO - 发现 2 个xlsx文件
2026-01-23 15:08:20,670 - INFO - 发现 2 个xlsx文件
2026-01-23 15:08:30,677 - INFO - 发现 2 个xlsx文件
2026-01-23 15:08:40,683 - INFO - 发现 2 个xlsx文件
2026-01-23 15:08:50,690 - INFO - 发现 2 个xlsx文件
2026-01-23 15:09:00,696 - INFO - 发现 2 个xlsx文件
2026-01-23 15:09:10,701 - INFO - 发现 2 个xlsx文件
2026-01-23 15:09:20,707 - INFO - 发现 2 个xlsx文件
2026-01-23 15:09:30,712 - INFO - 发现 2 个xlsx文件
2026-01-23 15:09:40,719 - INFO - 发现 2 个xlsx文件
2026-01-23 15:09:50,733 - INFO - 发现 2 个xlsx文件
2026-01-23 15:10:00,740 - INFO - 发现 2 个xlsx文件
2026-01-23 15:10:10,759 - INFO - 发现 2 个xlsx文件
2026-01-23 15:10:20,777 - INFO - 发现 2 个xlsx文件
2026-01-23 15:10:30,784 - INFO - 发现 2 个xlsx文件
2026-01-23 15:10:40,789 - INFO - 发现 2 个xlsx文件
2026-01-23 15:10:50,795 - INFO - 发现 2 个xlsx文件
2026-01-23 15:11:00,800 - INFO - 发现 2 个xlsx文件
2026-01-23 15:11:10,806 - INFO - 发现 2 个xlsx文件
2026-01-23 15:11:20,814 - INFO - 发现 2 个xlsx文件
2026-01-23 15:11:30,822 - INFO - 发现 2 个xlsx文件
2026-01-23 15:11:40,828 - INFO - 发现 2 个xlsx文件
2026-01-23 15:11:50,835 - INFO - 发现 2 个xlsx文件
2026-01-23 15:12:00,844 - INFO - 发现 2 个xlsx文件
2026-01-23 15:12:10,858 - INFO - 发现 2 个xlsx文件
2026-01-23 15:12:20,878 - INFO - 发现 2 个xlsx文件
2026-01-23 15:12:30,884 - INFO - 发现 2 个xlsx文件
2026-01-23 15:12:40,894 - INFO - 发现 2 个xlsx文件
2026-01-23 15:12:50,900 - INFO - 发现 2 个xlsx文件
2026-01-23 15:13:00,910 - INFO - 发现 2 个xlsx文件
2026-01-23 15:13:10,917 - INFO - 发现 2 个xlsx文件
2026-01-23 15:13:20,923 - INFO - 发现 2 个xlsx文件
2026-01-23 15:13:30,930 - INFO - 发现 2 个xlsx文件
2026-01-23 15:13:40,982 - INFO - 发现 2 个xlsx文件
2026-01-23 15:13:50,988 - INFO - 发现 2 个xlsx文件
2026-01-23 15:14:00,994 - INFO - 发现 2 个xlsx文件
2026-01-23 15:14:11,001 - INFO - 发现 2 个xlsx文件
2026-01-23 15:14:21,007 - INFO - 发现 2 个xlsx文件
2026-01-23 15:14:31,014 - INFO - 发现 2 个xlsx文件
2026-01-23 15:14:41,021 - INFO - 发现 2 个xlsx文件
2026-01-23 15:14:51,030 - INFO - 发现 2 个xlsx文件
2026-01-23 15:15:01,037 - INFO - 发现 2 个xlsx文件
2026-01-23 15:15:11,043 - INFO - 发现 2 个xlsx文件
2026-01-23 15:15:21,049 - INFO - 发现 2 个xlsx文件
2026-01-23 15:15:31,054 - INFO - 发现 2 个xlsx文件
2026-01-23 15:15:41,064 - INFO - 发现 2 个xlsx文件
2026-01-23 15:15:51,071 - INFO - 发现 2 个xlsx文件
2026-01-23 15:16:01,080 - INFO - 发现 2 个xlsx文件
2026-01-23 15:16:11,090 - INFO - 发现 2 个xlsx文件
2026-01-23 15:16:21,097 - INFO - 发现 2 个xlsx文件
2026-01-23 15:16:31,105 - INFO - 发现 2 个xlsx文件
2026-01-23 15:16:41,111 - INFO - 发现 2 个xlsx文件
2026-01-23 15:16:51,118 - INFO - 发现 2 个xlsx文件
2026-01-23 15:17:01,124 - INFO - 发现 2 个xlsx文件
2026-01-23 15:17:11,129 - INFO - 发现 2 个xlsx文件
2026-01-23 15:17:21,136 - INFO - 发现 2 个xlsx文件
2026-01-23 15:17:31,142 - INFO - 发现 2 个xlsx文件
2026-01-23 15:17:41,148 - INFO - 发现 2 个xlsx文件
2026-01-23 15:17:51,179 - INFO - 发现 2 个xlsx文件
2026-01-23 15:18:01,213 - INFO - 发现 2 个xlsx文件
2026-01-23 15:18:11,221 - INFO - 发现 2 个xlsx文件
2026-01-23 15:18:21,270 - INFO - 发现 2 个xlsx文件
2026-01-23 15:18:31,277 - INFO - 发现 2 个xlsx文件
2026-01-23 15:18:41,285 - INFO - 发现 2 个xlsx文件
2026-01-23 15:18:51,292 - INFO - 发现 2 个xlsx文件
2026-01-23 15:19:01,298 - INFO - 发现 2 个xlsx文件
2026-01-23 15:19:11,305 - INFO - 发现 2 个xlsx文件
2026-01-23 15:19:21,311 - INFO - 发现 2 个xlsx文件
2026-01-23 15:19:31,319 - INFO - 发现 2 个xlsx文件
2026-01-23 15:19:41,325 - INFO - 发现 2 个xlsx文件
2026-01-23 15:19:51,335 - INFO - 发现 2 个xlsx文件
2026-01-23 15:20:01,344 - INFO - 发现 2 个xlsx文件
2026-01-23 15:20:11,353 - INFO - 发现 2 个xlsx文件
2026-01-23 15:20:21,360 - INFO - 发现 2 个xlsx文件
2026-01-23 15:20:31,377 - INFO - 发现 2 个xlsx文件
2026-01-23 15:20:41,384 - INFO - 发现 2 个xlsx文件
2026-01-23 15:20:51,390 - INFO - 发现 2 个xlsx文件
2026-01-23 15:21:01,398 - INFO - 发现 2 个xlsx文件
2026-01-23 15:21:11,405 - INFO - 发现 2 个xlsx文件
2026-01-23 15:21:21,412 - INFO - 发现 2 个xlsx文件
2026-01-23 15:21:31,419 - INFO - 发现 2 个xlsx文件
2026-01-23 15:21:41,427 - INFO - 发现 2 个xlsx文件
2026-01-23 15:21:51,444 - INFO - 发现 2 个xlsx文件
2026-01-23 15:22:01,450 - INFO - 发现 2 个xlsx文件
2026-01-23 15:22:11,457 - INFO - 发现 2 个xlsx文件
2026-01-23 15:22:21,464 - INFO - 发现 2 个xlsx文件
2026-01-23 15:22:31,474 - INFO - 发现 2 个xlsx文件
2026-01-23 15:22:41,479 - INFO - 发现 2 个xlsx文件
2026-01-23 15:22:51,489 - INFO - 发现 2 个xlsx文件
2026-01-23 15:23:01,496 - INFO - 发现 2 个xlsx文件
2026-01-23 15:23:11,504 - INFO - 发现 2 个xlsx文件
2026-01-23 15:23:21,511 - INFO - 发现 2 个xlsx文件
2026-01-23 15:23:31,516 - INFO - 发现 2 个xlsx文件
2026-01-23 15:23:41,522 - INFO - 发现 2 个xlsx文件
2026-01-23 15:23:51,528 - INFO - 发现 2 个xlsx文件
2026-01-23 15:24:01,535 - INFO - 发现 2 个xlsx文件
2026-01-23 15:24:11,540 - INFO - 发现 2 个xlsx文件
2026-01-23 15:24:21,546 - INFO - 发现 2 个xlsx文件
2026-01-23 15:24:31,560 - INFO - 发现 2 个xlsx文件
2026-01-23 15:24:41,584 - INFO - 发现 2 个xlsx文件
2026-01-23 15:24:51,593 - INFO - 发现 2 个xlsx文件
2026-01-23 15:25:01,603 - INFO - 发现 2 个xlsx文件
2026-01-23 15:25:11,613 - INFO - 发现 2 个xlsx文件
2026-01-23 15:25:21,624 - INFO - 发现 2 个xlsx文件
2026-01-23 15:25:31,632 - INFO - 发现 2 个xlsx文件
2026-01-23 15:25:41,639 - INFO - 发现 2 个xlsx文件
2026-01-23 15:25:51,648 - INFO - 发现 2 个xlsx文件
2026-01-23 15:26:01,682 - INFO - 发现 2 个xlsx文件
2026-01-23 15:26:11,688 - INFO - 发现 2 个xlsx文件
2026-01-23 15:26:21,709 - INFO - 发现 2 个xlsx文件
2026-01-23 15:26:31,719 - INFO - 发现 2 个xlsx文件
2026-01-23 15:26:41,726 - INFO - 发现 2 个xlsx文件
2026-01-23 15:26:51,738 - INFO - 发现 2 个xlsx文件
2026-01-23 15:27:01,748 - INFO - 发现 2 个xlsx文件
2026-01-23 15:27:11,754 - INFO - 发现 2 个xlsx文件
2026-01-23 15:27:21,828 - INFO - 发现 2 个xlsx文件
2026-01-23 15:27:31,869 - INFO - 发现 2 个xlsx文件
2026-01-23 15:27:41,876 - INFO - 发现 2 个xlsx文件
2026-01-23 15:27:51,884 - INFO - 发现 2 个xlsx文件
2026-01-23 15:28:01,893 - INFO - 发现 2 个xlsx文件
2026-01-23 15:28:11,909 - INFO - 发现 2 个xlsx文件
2026-01-23 15:28:21,920 - INFO - 发现 2 个xlsx文件
2026-01-23 15:28:31,927 - INFO - 发现 2 个xlsx文件
2026-01-23 15:28:41,933 - INFO - 发现 2 个xlsx文件
2026-01-23 15:28:51,953 - INFO - 发现 2 个xlsx文件
2026-01-23 15:29:01,969 - INFO - 发现 2 个xlsx文件
2026-01-23 15:29:11,977 - INFO - 发现 2 个xlsx文件
2026-01-23 15:29:21,985 - INFO - 发现 2 个xlsx文件
2026-01-23 15:29:32,005 - INFO - 发现 2 个xlsx文件
2026-01-23 15:29:42,015 - INFO - 发现 2 个xlsx文件
2026-01-23 15:29:52,035 - INFO - 发现 2 个xlsx文件
2026-01-23 15:30:02,046 - INFO - 发现 2 个xlsx文件
2026-01-23 15:30:12,056 - INFO - 发现 2 个xlsx文件
2026-01-23 15:30:22,062 - INFO - 发现 2 个xlsx文件
2026-01-23 15:30:32,069 - INFO - 发现 2 个xlsx文件
2026-01-23 15:30:42,077 - INFO - 发现 2 个xlsx文件
2026-01-23 15:30:52,083 - INFO - 发现 2 个xlsx文件
2026-01-23 15:31:02,089 - INFO - 发现 2 个xlsx文件
2026-01-23 15:31:12,094 - INFO - 发现 2 个xlsx文件
2026-01-23 15:31:22,099 - INFO - 发现 2 个xlsx文件
2026-01-23 15:31:32,104 - INFO - 发现 2 个xlsx文件
2026-01-23 15:31:42,109 - INFO - 发现 2 个xlsx文件
2026-01-23 15:31:52,128 - INFO - 发现 2 个xlsx文件
2026-01-23 15:32:02,134 - INFO - 发现 2 个xlsx文件
2026-01-23 15:32:12,143 - INFO - 发现 2 个xlsx文件
2026-01-23 15:32:22,159 - INFO - 发现 2 个xlsx文件
2026-01-23 15:32:32,164 - INFO - 发现 2 个xlsx文件
2026-01-23 15:32:42,172 - INFO - 发现 2 个xlsx文件
2026-01-23 15:32:52,177 - INFO - 发现 2 个xlsx文件
2026-01-23 15:33:02,186 - INFO - 发现 2 个xlsx文件
2026-01-23 15:33:12,193 - INFO - 发现 2 个xlsx文件
2026-01-23 15:33:22,201 - INFO - 发现 2 个xlsx文件
2026-01-23 15:33:32,208 - INFO - 发现 2 个xlsx文件
2026-01-23 15:33:42,214 - INFO - 发现 2 个xlsx文件
2026-01-23 15:33:52,219 - INFO - 发现 2 个xlsx文件
2026-01-23 15:34:02,232 - INFO - 发现 2 个xlsx文件
2026-01-23 15:34:12,239 - INFO - 发现 2 个xlsx文件
2026-01-23 15:34:22,249 - INFO - 发现 2 个xlsx文件
2026-01-23 15:34:32,255 - INFO - 发现 2 个xlsx文件
2026-01-23 15:34:42,260 - INFO - 发现 2 个xlsx文件
2026-01-23 15:34:52,273 - INFO - 发现 2 个xlsx文件
2026-01-23 15:35:02,279 - INFO - 发现 2 个xlsx文件
2026-01-23 15:35:12,289 - INFO - 发现 2 个xlsx文件
2026-01-23 15:35:22,296 - INFO - 发现 2 个xlsx文件
2026-01-23 15:35:32,313 - INFO - 发现 2 个xlsx文件
2026-01-23 15:35:42,322 - INFO - 发现 2 个xlsx文件
2026-01-23 15:35:52,337 - INFO - 发现 2 个xlsx文件
2026-01-23 15:36:02,347 - INFO - 发现 2 个xlsx文件
2026-01-23 15:36:12,355 - INFO - 发现 2 个xlsx文件
2026-01-23 15:36:22,360 - INFO - 发现 2 个xlsx文件
2026-01-23 15:36:32,365 - INFO - 发现 2 个xlsx文件
2026-01-23 15:36:42,385 - INFO - 发现 2 个xlsx文件
2026-01-23 15:36:52,395 - INFO - 发现 2 个xlsx文件
2026-01-23 15:37:02,409 - INFO - 发现 2 个xlsx文件
2026-01-23 15:37:12,417 - INFO - 发现 2 个xlsx文件
2026-01-23 15:37:22,437 - INFO - 发现 2 个xlsx文件
2026-01-23 15:37:32,445 - INFO - 发现 2 个xlsx文件
2026-01-23 15:37:42,454 - INFO - 发现 2 个xlsx文件
2026-01-23 15:37:52,461 - INFO - 发现 2 个xlsx文件
2026-01-23 15:38:02,469 - INFO - 发现 2 个xlsx文件
2026-01-23 15:38:12,476 - INFO - 发现 2 个xlsx文件
2026-01-23 15:38:22,486 - INFO - 发现 2 个xlsx文件
2026-01-23 15:38:32,491 - INFO - 发现 2 个xlsx文件
2026-01-23 15:38:42,499 - INFO - 发现 2 个xlsx文件
2026-01-23 15:38:52,512 - INFO - 发现 2 个xlsx文件
2026-01-23 15:39:02,523 - INFO - 发现 2 个xlsx文件
2026-01-23 15:39:12,547 - INFO - 发现 2 个xlsx文件
2026-01-23 15:39:22,558 - INFO - 发现 2 个xlsx文件
2026-01-23 15:39:32,564 - INFO - 发现 2 个xlsx文件
2026-01-23 15:39:42,570 - INFO - 发现 2 个xlsx文件
2026-01-23 15:39:52,586 - INFO - 发现 2 个xlsx文件
2026-01-23 15:40:02,600 - INFO - 发现 2 个xlsx文件
2026-01-23 15:40:12,618 - INFO - 发现 2 个xlsx文件
2026-01-23 15:40:22,643 - INFO - 发现 2 个xlsx文件
2026-01-23 15:40:32,652 - INFO - 发现 2 个xlsx文件
2026-01-23 15:40:42,670 - INFO - 发现 2 个xlsx文件
2026-01-23 15:40:52,679 - INFO - 发现 2 个xlsx文件
2026-01-23 15:41:02,687 - INFO - 发现 2 个xlsx文件
2026-01-23 15:41:12,694 - INFO - 发现 2 个xlsx文件
2026-01-23 15:41:22,705 - INFO - 发现 2 个xlsx文件
2026-01-23 15:41:32,729 - INFO - 发现 2 个xlsx文件
2026-01-23 15:41:42,752 - INFO - 发现 2 个xlsx文件
2026-01-23 15:41:52,761 - INFO - 发现 2 个xlsx文件
2026-01-23 15:42:02,771 - INFO - 发现 2 个xlsx文件
2026-01-23 15:42:12,782 - INFO - 发现 2 个xlsx文件
2026-01-23 15:42:22,791 - INFO - 发现 2 个xlsx文件
2026-01-23 15:42:32,800 - INFO - 发现 2 个xlsx文件
2026-01-23 15:42:42,810 - INFO - 发现 2 个xlsx文件
2026-01-23 15:42:52,820 - INFO - 发现 2 个xlsx文件
2026-01-23 15:43:02,831 - INFO - 发现 2 个xlsx文件
2026-01-23 15:43:12,838 - INFO - 发现 2 个xlsx文件
2026-01-23 15:43:22,847 - INFO - 发现 2 个xlsx文件
2026-01-23 15:43:32,852 - INFO - 发现 2 个xlsx文件
2026-01-23 15:43:42,859 - INFO - 发现 2 个xlsx文件
2026-01-23 15:43:52,867 - INFO - 发现 2 个xlsx文件
2026-01-23 15:44:02,879 - INFO - 发现 2 个xlsx文件
2026-01-23 15:44:12,891 - INFO - 发现 2 个xlsx文件
2026-01-23 15:44:22,899 - INFO - 发现 2 个xlsx文件
2026-01-23 15:44:32,905 - INFO - 发现 2 个xlsx文件
2026-01-23 15:44:42,911 - INFO - 发现 2 个xlsx文件
2026-01-23 15:44:52,930 - INFO - 发现 2 个xlsx文件
2026-01-23 15:45:02,948 - INFO - 发现 2 个xlsx文件
2026-01-23 15:45:12,959 - INFO - 发现 2 个xlsx文件
2026-01-23 15:45:22,969 - INFO - 发现 2 个xlsx文件
2026-01-23 15:45:32,979 - INFO - 发现 2 个xlsx文件
2026-01-23 15:45:43,002 - INFO - 发现 2 个xlsx文件
2026-01-23 15:45:53,037 - INFO - 发现 2 个xlsx文件
2026-01-23 15:46:03,058 - INFO - 发现 2 个xlsx文件
2026-01-23 15:46:13,081 - INFO - 发现 2 个xlsx文件
2026-01-23 15:46:23,109 - INFO - 发现 2 个xlsx文件
2026-01-23 15:46:33,134 - INFO - 发现 2 个xlsx文件
2026-01-23 15:46:43,153 - INFO - 发现 2 个xlsx文件
2026-01-23 15:46:53,162 - INFO - 发现 2 个xlsx文件
2026-01-23 15:47:03,181 - INFO - 发现 2 个xlsx文件
2026-01-23 15:47:13,208 - INFO - 发现 2 个xlsx文件
2026-01-23 15:47:23,231 - INFO - 发现 2 个xlsx文件
2026-01-23 15:47:33,254 - INFO - 发现 2 个xlsx文件
2026-01-23 15:47:43,287 - INFO - 发现 2 个xlsx文件
2026-01-23 15:47:53,314 - INFO - 发现 2 个xlsx文件
2026-01-23 15:48:03,326 - INFO - 发现 2 个xlsx文件
2026-01-23 15:48:13,340 - INFO - 发现 2 个xlsx文件
2026-01-23 15:48:23,348 - INFO - 发现 2 个xlsx文件
2026-01-23 15:48:33,374 - INFO - 发现 2 个xlsx文件
2026-01-23 15:48:43,390 - INFO - 发现 2 个xlsx文件
2026-01-23 15:48:53,413 - INFO - 发现 2 个xlsx文件
2026-01-23 15:49:03,431 - INFO - 发现 2 个xlsx文件
2026-01-23 15:49:13,440 - INFO - 发现 2 个xlsx文件
2026-01-23 15:49:23,463 - INFO - 发现 2 个xlsx文件
2026-01-23 15:49:33,472 - INFO - 发现 2 个xlsx文件
2026-01-23 15:49:43,478 - INFO - 发现 2 个xlsx文件
2026-01-23 15:49:53,483 - INFO - 发现 2 个xlsx文件
2026-01-23 15:50:03,490 - INFO - 发现 2 个xlsx文件
2026-01-23 15:50:13,502 - INFO - 发现 2 个xlsx文件
2026-01-23 15:50:23,525 - INFO - 发现 2 个xlsx文件
2026-01-23 15:50:33,531 - INFO - 发现 2 个xlsx文件
2026-01-23 15:50:43,548 - INFO - 发现 2 个xlsx文件
2026-01-23 15:50:53,570 - INFO - 发现 2 个xlsx文件
2026-01-23 15:51:03,576 - INFO - 发现 2 个xlsx文件
2026-01-23 15:51:13,585 - INFO - 发现 2 个xlsx文件
2026-01-23 15:51:23,591 - INFO - 发现 2 个xlsx文件
2026-01-23 15:51:33,597 - INFO - 发现 2 个xlsx文件
2026-01-23 15:51:43,607 - INFO - 发现 2 个xlsx文件
2026-01-23 15:51:53,616 - INFO - 发现 2 个xlsx文件
2026-01-23 15:52:03,629 - INFO - 发现 2 个xlsx文件
2026-01-23 15:52:13,676 - INFO - 发现 2 个xlsx文件
2026-01-23 15:52:23,687 - INFO - 发现 2 个xlsx文件
2026-01-23 15:52:33,694 - INFO - 发现 2 个xlsx文件
2026-01-23 15:52:43,703 - INFO - 发现 2 个xlsx文件
2026-01-23 15:52:53,720 - INFO - 发现 2 个xlsx文件
2026-01-23 15:53:03,729 - INFO - 发现 2 个xlsx文件
2026-01-23 15:53:13,737 - INFO - 发现 2 个xlsx文件
2026-01-23 15:53:23,749 - INFO - 发现 2 个xlsx文件
2026-01-23 15:53:33,763 - INFO - 发现 2 个xlsx文件
2026-01-23 15:53:43,772 - INFO - 发现 2 个xlsx文件
2026-01-23 15:53:53,781 - INFO - 发现 2 个xlsx文件
2026-01-23 15:54:03,791 - INFO - 发现 2 个xlsx文件
2026-01-23 15:54:13,803 - INFO - 发现 2 个xlsx文件
2026-01-23 15:54:23,810 - INFO - 发现 2 个xlsx文件
2026-01-23 15:54:33,820 - INFO - 发现 2 个xlsx文件
2026-01-23 15:54:43,935 - INFO - 发现 2 个xlsx文件
2026-01-23 15:54:53,943 - INFO - 发现 2 个xlsx文件
2026-01-23 15:55:03,949 - INFO - 发现 2 个xlsx文件
2026-01-23 15:55:13,955 - INFO - 发现 2 个xlsx文件
2026-01-23 15:55:23,971 - INFO - 发现 2 个xlsx文件
2026-01-23 15:55:33,979 - INFO - 发现 2 个xlsx文件
2026-01-23 15:55:43,986 - INFO - 发现 2 个xlsx文件
2026-01-23 15:55:53,991 - INFO - 发现 2 个xlsx文件
2026-01-23 15:56:03,998 - INFO - 发现 2 个xlsx文件
2026-01-23 15:56:14,006 - INFO - 发现 2 个xlsx文件
2026-01-23 15:56:24,012 - INFO - 发现 2 个xlsx文件
2026-01-23 15:56:34,024 - INFO - 发现 2 个xlsx文件
2026-01-23 15:56:44,034 - INFO - 发现 2 个xlsx文件
2026-01-23 15:56:54,053 - INFO - 发现 2 个xlsx文件
2026-01-23 15:57:04,076 - INFO - 发现 2 个xlsx文件
2026-01-23 15:57:14,084 - INFO - 发现 2 个xlsx文件
2026-01-23 15:57:24,091 - INFO - 发现 2 个xlsx文件
2026-01-23 15:57:34,098 - INFO - 发现 2 个xlsx文件
2026-01-23 15:57:44,105 - INFO - 发现 2 个xlsx文件
2026-01-23 15:57:54,125 - INFO - 发现 2 个xlsx文件
2026-01-23 15:58:04,132 - INFO - 发现 2 个xlsx文件
2026-01-23 15:58:14,140 - INFO - 发现 2 个xlsx文件
2026-01-23 15:58:24,147 - INFO - 发现 2 个xlsx文件
2026-01-23 15:58:34,153 - INFO - 发现 2 个xlsx文件
2026-01-23 15:58:44,159 - INFO - 发现 2 个xlsx文件
2026-01-23 15:58:54,173 - INFO - 发现 2 个xlsx文件
2026-01-23 15:59:04,179 - INFO - 发现 2 个xlsx文件
2026-01-23 15:59:14,191 - INFO - 发现 2 个xlsx文件
2026-01-23 15:59:24,204 - INFO - 发现 2 个xlsx文件
2026-01-23 15:59:34,211 - INFO - 发现 2 个xlsx文件
2026-01-23 15:59:44,221 - INFO - 发现 2 个xlsx文件
2026-01-23 15:59:54,227 - INFO - 发现 2 个xlsx文件
2026-01-23 16:00:04,240 - INFO - 发现 2 个xlsx文件
2026-01-23 16:00:14,246 - INFO - 发现 2 个xlsx文件
2026-01-23 16:00:24,274 - INFO - 发现 2 个xlsx文件
2026-01-23 16:00:34,282 - INFO - 发现 2 个xlsx文件
2026-01-23 16:00:44,289 - INFO - 发现 2 个xlsx文件
2026-01-23 16:00:54,313 - INFO - 发现 2 个xlsx文件
2026-01-23 16:01:04,324 - INFO - 发现 2 个xlsx文件
2026-01-23 16:01:14,328 - INFO - 发现 2 个xlsx文件
2026-01-23 16:01:24,339 - INFO - 发现 2 个xlsx文件
2026-01-23 16:01:34,347 - INFO - 发现 2 个xlsx文件
2026-01-23 16:01:44,363 - INFO - 发现 2 个xlsx文件
2026-01-23 16:01:54,371 - INFO - 发现 2 个xlsx文件
2026-01-23 16:02:04,377 - INFO - 发现 2 个xlsx文件
2026-01-23 16:02:14,384 - INFO - 发现 2 个xlsx文件
2026-01-23 16:02:24,390 - INFO - 发现 2 个xlsx文件
2026-01-23 16:02:34,400 - INFO - 发现 2 个xlsx文件
2026-01-23 16:02:44,406 - INFO - 发现 2 个xlsx文件
2026-01-23 16:02:54,412 - INFO - 发现 2 个xlsx文件
2026-01-23 16:03:04,419 - INFO - 发现 2 个xlsx文件
2026-01-23 16:03:14,427 - INFO - 发现 2 个xlsx文件
2026-01-23 16:03:24,436 - INFO - 发现 2 个xlsx文件
2026-01-23 16:03:34,444 - INFO - 发现 2 个xlsx文件
2026-01-23 16:03:44,450 - INFO - 发现 2 个xlsx文件
2026-01-23 16:03:54,455 - INFO - 发现 2 个xlsx文件
2026-01-23 16:04:04,462 - INFO - 发现 2 个xlsx文件
2026-01-23 16:04:14,483 - INFO - 发现 2 个xlsx文件
2026-01-23 16:04:24,491 - INFO - 发现 2 个xlsx文件
2026-01-23 16:04:34,501 - INFO - 发现 2 个xlsx文件
2026-01-23 16:04:44,512 - INFO - 发现 2 个xlsx文件
2026-01-23 16:04:54,518 - INFO - 发现 2 个xlsx文件
2026-01-23 16:05:04,540 - INFO - 发现 2 个xlsx文件
2026-01-23 16:05:14,548 - INFO - 发现 2 个xlsx文件
2026-01-23 16:05:24,553 - INFO - 发现 2 个xlsx文件
2026-01-23 16:05:34,562 - INFO - 发现 2 个xlsx文件
2026-01-23 16:05:44,567 - INFO - 发现 2 个xlsx文件
2026-01-23 16:05:54,572 - INFO - 发现 2 个xlsx文件
2026-01-23 16:06:04,592 - INFO - 发现 2 个xlsx文件
2026-01-23 16:06:14,602 - INFO - 发现 2 个xlsx文件
2026-01-23 16:06:24,609 - INFO - 发现 2 个xlsx文件
2026-01-23 16:06:34,614 - INFO - 发现 2 个xlsx文件
2026-01-23 16:06:44,619 - INFO - 发现 2 个xlsx文件
2026-01-23 16:06:54,625 - INFO - 发现 2 个xlsx文件
2026-01-23 16:07:04,631 - INFO - 发现 2 个xlsx文件
2026-01-23 16:07:14,656 - INFO - 发现 2 个xlsx文件
2026-01-23 16:07:24,663 - INFO - 发现 2 个xlsx文件
2026-01-23 16:07:34,669 - INFO - 发现 2 个xlsx文件
2026-01-23 16:07:44,675 - INFO - 发现 2 个xlsx文件
2026-01-23 16:07:54,681 - INFO - 发现 2 个xlsx文件
2026-01-23 16:08:04,691 - INFO - 发现 2 个xlsx文件
2026-01-23 16:08:14,699 - INFO - 发现 2 个xlsx文件
2026-01-23 16:08:24,706 - INFO - 发现 2 个xlsx文件
2026-01-23 16:08:34,712 - INFO - 发现 2 个xlsx文件
2026-01-23 16:08:44,732 - INFO - 发现 2 个xlsx文件
2026-01-23 16:08:54,761 - INFO - 发现 2 个xlsx文件
2026-01-23 16:09:04,767 - INFO - 发现 2 个xlsx文件
2026-01-23 16:09:14,772 - INFO - 发现 2 个xlsx文件
2026-01-23 16:09:24,798 - INFO - 发现 2 个xlsx文件
2026-01-23 16:09:34,810 - INFO - 发现 2 个xlsx文件
2026-01-23 16:09:44,818 - INFO - 发现 2 个xlsx文件
2026-01-23 16:09:54,838 - INFO - 发现 2 个xlsx文件
2026-01-23 16:10:04,845 - INFO - 发现 2 个xlsx文件
2026-01-23 16:10:14,852 - INFO - 发现 2 个xlsx文件
2026-01-23 16:10:24,861 - INFO - 发现 2 个xlsx文件
2026-01-23 16:10:34,868 - INFO - 发现 2 个xlsx文件
2026-01-23 16:10:44,892 - INFO - 发现 2 个xlsx文件
2026-01-23 16:10:54,899 - INFO - 发现 2 个xlsx文件
2026-01-23 16:11:04,907 - INFO - 发现 2 个xlsx文件
2026-01-23 16:11:14,916 - INFO - 发现 2 个xlsx文件
2026-01-23 16:11:24,921 - INFO - 发现 2 个xlsx文件
2026-01-23 16:11:34,929 - INFO - 发现 2 个xlsx文件
2026-01-23 16:11:44,955 - INFO - 发现 2 个xlsx文件
2026-01-23 16:11:54,963 - INFO - 发现 2 个xlsx文件
2026-01-23 16:12:04,969 - INFO - 发现 2 个xlsx文件
2026-01-23 16:12:14,979 - INFO - 发现 2 个xlsx文件
2026-01-23 16:12:24,985 - INFO - 发现 2 个xlsx文件
2026-01-23 16:12:35,006 - INFO - 发现 2 个xlsx文件
2026-01-23 16:12:45,014 - INFO - 发现 2 个xlsx文件
2026-01-23 16:12:55,018 - INFO - 发现 2 个xlsx文件
2026-01-23 16:13:05,025 - INFO - 发现 2 个xlsx文件
2026-01-23 16:13:15,030 - INFO - 发现 2 个xlsx文件
2026-01-23 16:13:25,038 - INFO - 发现 2 个xlsx文件
2026-01-23 16:13:35,060 - INFO - 发现 2 个xlsx文件
2026-01-23 16:13:45,068 - INFO - 发现 2 个xlsx文件
2026-01-23 16:13:55,079 - INFO - 发现 2 个xlsx文件
2026-01-23 16:14:05,085 - INFO - 发现 2 个xlsx文件
2026-01-23 16:14:15,091 - INFO - 发现 2 个xlsx文件
2026-01-23 16:14:25,096 - INFO - 发现 2 个xlsx文件
2026-01-23 16:14:35,101 - INFO - 发现 2 个xlsx文件
2026-01-23 16:14:45,113 - INFO - 发现 2 个xlsx文件
2026-01-23 16:14:55,120 - INFO - 发现 2 个xlsx文件
2026-01-23 16:15:05,141 - INFO - 发现 2 个xlsx文件
2026-01-23 16:15:15,151 - INFO - 发现 2 个xlsx文件
2026-01-23 16:15:25,159 - INFO - 发现 2 个xlsx文件
2026-01-23 16:15:35,173 - INFO - 发现 2 个xlsx文件
2026-01-23 16:15:45,184 - INFO - 发现 2 个xlsx文件
2026-01-23 16:15:55,191 - INFO - 发现 2 个xlsx文件
2026-01-23 16:16:05,212 - INFO - 发现 2 个xlsx文件
2026-01-23 16:16:15,239 - INFO - 发现 2 个xlsx文件
2026-01-23 16:16:25,248 - INFO - 发现 2 个xlsx文件
2026-01-23 16:16:35,270 - INFO - 发现 2 个xlsx文件
2026-01-23 16:16:45,279 - INFO - 发现 2 个xlsx文件
2026-01-23 16:16:55,286 - INFO - 发现 2 个xlsx文件
2026-01-23 16:17:05,292 - INFO - 发现 2 个xlsx文件
2026-01-23 16:17:15,300 - INFO - 发现 2 个xlsx文件
2026-01-23 16:17:25,306 - INFO - 发现 2 个xlsx文件
2026-01-23 16:17:35,316 - INFO - 发现 2 个xlsx文件
2026-01-23 16:17:45,325 - INFO - 发现 2 个xlsx文件
2026-01-23 16:17:55,335 - INFO - 发现 2 个xlsx文件
2026-01-23 16:18:05,352 - INFO - 发现 2 个xlsx文件
2026-01-23 16:18:15,362 - INFO - 发现 2 个xlsx文件
2026-01-23 16:18:25,371 - INFO - 发现 2 个xlsx文件
2026-01-23 16:18:35,379 - INFO - 发现 2 个xlsx文件
2026-01-23 16:18:45,400 - INFO - 发现 2 个xlsx文件
2026-01-23 16:18:55,415 - INFO - 发现 2 个xlsx文件
2026-01-23 16:19:05,446 - INFO - 发现 2 个xlsx文件
2026-01-23 16:19:15,454 - INFO - 发现 2 个xlsx文件
2026-01-23 16:19:25,460 - INFO - 发现 2 个xlsx文件
2026-01-23 16:19:35,471 - INFO - 发现 2 个xlsx文件
2026-01-23 16:19:45,479 - INFO - 发现 2 个xlsx文件
2026-01-23 16:19:55,488 - INFO - 发现 2 个xlsx文件
2026-01-23 16:20:05,496 - INFO - 发现 2 个xlsx文件
2026-01-23 16:20:15,508 - INFO - 发现 2 个xlsx文件
2026-01-23 16:20:25,513 - INFO - 发现 2 个xlsx文件
2026-01-23 16:20:35,519 - INFO - 发现 2 个xlsx文件
2026-01-23 16:20:45,535 - INFO - 发现 2 个xlsx文件
2026-01-23 16:20:55,558 - INFO - 发现 2 个xlsx文件
2026-01-23 16:21:05,566 - INFO - 发现 2 个xlsx文件
2026-01-23 16:21:15,582 - INFO - 发现 2 个xlsx文件
2026-01-23 16:21:25,590 - INFO - 发现 2 个xlsx文件
2026-01-23 16:21:35,597 - INFO - 发现 2 个xlsx文件
2026-01-23 16:21:45,646 - INFO - 发现 2 个xlsx文件
2026-01-23 16:21:55,657 - INFO - 发现 2 个xlsx文件
2026-01-23 16:22:05,665 - INFO - 发现 2 个xlsx文件
2026-01-23 16:22:15,671 - INFO - 发现 2 个xlsx文件
2026-01-23 16:22:25,686 - INFO - 发现 2 个xlsx文件
2026-01-23 16:22:35,703 - INFO - 发现 2 个xlsx文件
2026-01-23 16:22:45,710 - INFO - 发现 2 个xlsx文件
2026-01-23 16:22:55,716 - INFO - 发现 2 个xlsx文件
2026-01-23 16:23:05,741 - INFO - 发现 2 个xlsx文件
2026-01-23 16:23:15,749 - INFO - 发现 2 个xlsx文件
2026-01-23 16:23:25,758 - INFO - 发现 2 个xlsx文件
2026-01-23 16:23:35,769 - INFO - 发现 2 个xlsx文件
2026-01-23 16:23:45,788 - INFO - 发现 2 个xlsx文件
2026-01-23 16:23:55,796 - INFO - 发现 2 个xlsx文件
2026-01-23 16:24:05,806 - INFO - 发现 2 个xlsx文件
2026-01-23 16:24:15,820 - INFO - 发现 2 个xlsx文件
2026-01-23 16:24:25,827 - INFO - 发现 2 个xlsx文件
2026-01-23 16:24:35,924 - INFO - 发现 2 个xlsx文件
2026-01-23 16:24:45,937 - INFO - 发现 2 个xlsx文件
2026-01-23 16:24:55,947 - INFO - 发现 2 个xlsx文件
2026-01-23 16:25:05,969 - INFO - 发现 2 个xlsx文件
2026-01-23 16:25:15,993 - INFO - 发现 2 个xlsx文件
2026-01-23 16:25:26,014 - INFO - 发现 2 个xlsx文件
2026-01-23 16:25:36,028 - INFO - 发现 2 个xlsx文件
2026-01-23 16:25:46,042 - INFO - 发现 2 个xlsx文件
2026-01-23 16:25:56,049 - INFO - 发现 2 个xlsx文件
2026-01-23 16:26:06,069 - INFO - 发现 2 个xlsx文件
2026-01-23 16:26:16,091 - INFO - 发现 2 个xlsx文件
2026-01-23 16:26:26,103 - INFO - 发现 2 个xlsx文件
2026-01-23 16:26:36,123 - INFO - 发现 2 个xlsx文件
2026-01-23 16:26:46,146 - INFO - 发现 2 个xlsx文件
2026-01-23 16:26:56,166 - INFO - 发现 2 个xlsx文件
2026-01-23 16:27:06,172 - INFO - 发现 2 个xlsx文件
2026-01-23 16:27:16,182 - INFO - 发现 2 个xlsx文件
2026-01-23 16:27:26,192 - INFO - 发现 2 个xlsx文件
2026-01-23 16:27:36,208 - INFO - 发现 2 个xlsx文件
2026-01-23 16:27:46,233 - INFO - 发现 2 个xlsx文件
2026-01-23 16:27:56,241 - INFO - 发现 2 个xlsx文件
2026-01-23 16:28:06,249 - INFO - 发现 2 个xlsx文件
2026-01-23 16:28:16,263 - INFO - 发现 2 个xlsx文件
2026-01-23 16:28:26,273 - INFO - 发现 2 个xlsx文件
2026-01-23 16:28:36,284 - INFO - 发现 2 个xlsx文件
2026-01-23 16:28:46,304 - INFO - 发现 2 个xlsx文件
2026-01-23 16:28:56,324 - INFO - 发现 2 个xlsx文件
2026-01-23 16:29:06,332 - INFO - 发现 2 个xlsx文件
2026-01-23 16:29:16,357 - INFO - 发现 2 个xlsx文件
2026-01-23 16:29:26,365 - INFO - 发现 2 个xlsx文件
2026-01-23 16:29:36,372 - INFO - 发现 2 个xlsx文件
2026-01-23 16:29:46,378 - INFO - 发现 2 个xlsx文件
2026-01-23 16:29:56,387 - INFO - 发现 2 个xlsx文件
2026-01-23 16:30:06,393 - INFO - 发现 2 个xlsx文件
2026-01-23 16:30:16,416 - INFO - 发现 2 个xlsx文件
2026-01-23 16:30:26,437 - INFO - 发现 2 个xlsx文件
2026-01-23 16:30:36,457 - INFO - 发现 2 个xlsx文件
2026-01-23 16:30:46,471 - INFO - 发现 2 个xlsx文件
2026-01-23 16:30:56,477 - INFO - 发现 2 个xlsx文件
2026-01-23 16:31:06,500 - INFO - 发现 2 个xlsx文件
2026-01-23 16:31:16,511 - INFO - 发现 2 个xlsx文件
2026-01-23 16:31:26,536 - INFO - 发现 2 个xlsx文件
2026-01-23 16:31:36,544 - INFO - 发现 2 个xlsx文件
2026-01-23 16:31:46,557 - INFO - 发现 2 个xlsx文件
2026-01-23 16:31:56,572 - INFO - 发现 2 个xlsx文件
2026-01-23 16:32:06,589 - INFO - 发现 2 个xlsx文件
2026-01-23 16:32:16,604 - INFO - 发现 2 个xlsx文件
2026-01-23 16:32:26,622 - INFO - 发现 2 个xlsx文件
2026-01-23 16:32:36,643 - INFO - 发现 2 个xlsx文件
2026-01-23 16:32:46,658 - INFO - 发现 2 个xlsx文件
2026-01-23 16:32:56,666 - INFO - 发现 2 个xlsx文件
2026-01-23 16:33:06,674 - INFO - 发现 2 个xlsx文件
2026-01-23 16:33:16,679 - INFO - 发现 2 个xlsx文件
2026-01-23 16:33:26,684 - INFO - 发现 2 个xlsx文件
2026-01-23 16:33:36,690 - INFO - 发现 2 个xlsx文件
2026-01-23 16:33:46,698 - INFO - 发现 2 个xlsx文件
2026-01-23 16:33:56,712 - INFO - 发现 2 个xlsx文件
2026-01-23 16:34:06,724 - INFO - 发现 2 个xlsx文件
2026-01-23 16:34:16,732 - INFO - 发现 2 个xlsx文件
2026-01-23 16:34:26,777 - INFO - 发现 2 个xlsx文件
2026-01-23 16:34:36,785 - INFO - 发现 2 个xlsx文件
2026-01-23 16:34:46,792 - INFO - 发现 2 个xlsx文件
2026-01-23 16:34:56,797 - INFO - 发现 2 个xlsx文件
2026-01-23 16:35:06,811 - INFO - 发现 2 个xlsx文件
2026-01-23 16:35:16,819 - INFO - 发现 2 个xlsx文件
2026-01-23 16:35:26,826 - INFO - 发现 2 个xlsx文件
2026-01-23 16:35:36,833 - INFO - 发现 2 个xlsx文件
2026-01-23 16:35:46,842 - INFO - 发现 2 个xlsx文件
2026-01-23 16:35:56,854 - INFO - 发现 2 个xlsx文件
2026-01-23 16:36:06,870 - INFO - 发现 2 个xlsx文件
2026-01-23 16:36:16,889 - INFO - 发现 2 个xlsx文件
2026-01-23 16:36:26,897 - INFO - 发现 2 个xlsx文件
2026-01-23 16:36:36,926 - INFO - 发现 2 个xlsx文件
2026-01-23 16:36:46,941 - INFO - 发现 2 个xlsx文件
2026-01-23 16:36:56,949 - INFO - 发现 2 个xlsx文件
2026-01-23 16:37:06,958 - INFO - 发现 2 个xlsx文件
2026-01-23 16:37:16,989 - INFO - 发现 2 个xlsx文件
2026-01-23 16:37:26,999 - INFO - 发现 2 个xlsx文件
2026-01-23 16:37:37,017 - INFO - 发现 2 个xlsx文件
2026-01-23 16:37:47,023 - INFO - 发现 2 个xlsx文件
2026-01-23 16:37:57,031 - INFO - 发现 2 个xlsx文件
2026-01-23 16:38:07,037 - INFO - 发现 2 个xlsx文件
2026-01-23 16:38:17,045 - INFO - 发现 2 个xlsx文件
2026-01-23 16:38:27,054 - INFO - 发现 2 个xlsx文件
2026-01-23 16:38:37,060 - INFO - 发现 2 个xlsx文件
2026-01-23 16:38:47,072 - INFO - 发现 2 个xlsx文件
2026-01-23 16:38:57,078 - INFO - 发现 2 个xlsx文件
2026-01-23 16:39:07,085 - INFO - 发现 2 个xlsx文件
2026-01-23 16:39:17,092 - INFO - 发现 2 个xlsx文件
2026-01-23 16:39:27,127 - INFO - 发现 2 个xlsx文件
2026-01-23 16:39:37,133 - INFO - 发现 2 个xlsx文件
2026-01-23 16:39:47,166 - INFO - 发现 2 个xlsx文件
2026-01-23 16:39:57,183 - INFO - 发现 2 个xlsx文件
2026-01-23 16:40:07,191 - INFO - 发现 2 个xlsx文件
2026-01-23 16:40:17,204 - INFO - 发现 2 个xlsx文件
2026-01-23 16:40:27,215 - INFO - 发现 2 个xlsx文件
2026-01-23 16:40:37,221 - INFO - 发现 2 个xlsx文件
2026-01-23 16:40:47,240 - INFO - 发现 2 个xlsx文件
2026-01-23 16:40:57,258 - INFO - 发现 2 个xlsx文件
2026-01-23 16:41:07,269 - INFO - 发现 2 个xlsx文件
2026-01-23 16:41:17,280 - INFO - 发现 2 个xlsx文件
2026-01-23 16:41:27,299 - INFO - 发现 2 个xlsx文件
2026-01-23 16:41:37,309 - INFO - 发现 2 个xlsx文件
2026-01-23 16:41:47,330 - INFO - 发现 2 个xlsx文件
2026-01-23 16:41:57,335 - INFO - 发现 2 个xlsx文件
2026-01-23 16:42:07,342 - INFO - 发现 2 个xlsx文件
2026-01-23 16:42:17,349 - INFO - 发现 2 个xlsx文件
2026-01-23 16:42:27,357 - INFO - 发现 2 个xlsx文件
2026-01-23 16:42:37,366 - INFO - 发现 2 个xlsx文件
2026-01-23 16:42:47,373 - INFO - 发现 2 个xlsx文件
2026-01-23 16:42:57,382 - INFO - 发现 2 个xlsx文件
2026-01-23 16:43:07,390 - INFO - 发现 2 个xlsx文件
2026-01-23 16:43:17,406 - INFO - 发现 2 个xlsx文件
2026-01-23 16:43:27,417 - INFO - 发现 2 个xlsx文件
2026-01-23 16:43:37,433 - INFO - 发现 2 个xlsx文件
2026-01-23 16:43:47,443 - INFO - 发现 2 个xlsx文件
2026-01-23 16:43:57,452 - INFO - 发现 2 个xlsx文件
2026-01-23 16:44:07,463 - INFO - 发现 2 个xlsx文件
2026-01-23 16:44:17,472 - INFO - 发现 2 个xlsx文件
2026-01-23 16:44:27,480 - INFO - 发现 2 个xlsx文件
2026-01-23 16:44:37,489 - INFO - 发现 2 个xlsx文件
2026-01-23 16:44:47,499 - INFO - 发现 2 个xlsx文件
2026-01-23 16:44:57,511 - INFO - 发现 2 个xlsx文件
2026-01-23 16:45:07,518 - INFO - 发现 2 个xlsx文件
2026-01-23 16:45:17,553 - INFO - 发现 2 个xlsx文件
2026-01-23 16:45:27,561 - INFO - 发现 2 个xlsx文件
2026-01-23 16:45:37,570 - INFO - 发现 2 个xlsx文件
2026-01-23 16:45:47,585 - INFO - 发现 2 个xlsx文件
2026-01-23 16:45:57,593 - INFO - 发现 2 个xlsx文件
2026-01-23 16:46:07,604 - INFO - 发现 2 个xlsx文件
2026-01-23 16:46:17,628 - INFO - 发现 2 个xlsx文件
2026-01-23 16:46:27,636 - INFO - 发现 2 个xlsx文件
2026-01-23 16:46:37,644 - INFO - 发现 2 个xlsx文件
2026-01-23 16:46:47,654 - INFO - 发现 2 个xlsx文件
2026-01-23 16:46:57,662 - INFO - 发现 2 个xlsx文件
2026-01-23 16:47:07,668 - INFO - 发现 2 个xlsx文件
2026-01-23 16:47:17,690 - INFO - 发现 2 个xlsx文件
2026-01-23 16:47:27,705 - INFO - 发现 2 个xlsx文件
2026-01-23 16:47:37,712 - INFO - 发现 2 个xlsx文件
2026-01-23 16:47:47,719 - INFO - 发现 2 个xlsx文件
2026-01-23 16:47:57,727 - INFO - 发现 2 个xlsx文件
2026-01-23 16:48:07,747 - INFO - 发现 2 个xlsx文件
2026-01-23 16:48:17,756 - INFO - 发现 2 个xlsx文件
2026-01-23 16:48:27,769 - INFO - 发现 2 个xlsx文件
2026-01-23 16:48:37,786 - INFO - 发现 2 个xlsx文件
2026-01-23 16:48:47,801 - INFO - 发现 2 个xlsx文件
2026-01-23 16:48:57,809 - INFO - 发现 2 个xlsx文件
2026-01-23 16:49:07,830 - INFO - 发现 2 个xlsx文件
2026-01-23 16:49:17,846 - INFO - 发现 2 个xlsx文件
2026-01-23 16:49:27,859 - INFO - 发现 2 个xlsx文件
2026-01-23 16:49:37,868 - INFO - 发现 2 个xlsx文件
2026-01-23 16:49:47,880 - INFO - 发现 2 个xlsx文件
2026-01-23 16:49:57,892 - INFO - 发现 2 个xlsx文件
2026-01-23 16:50:07,907 - INFO - 发现 2 个xlsx文件
2026-01-23 16:50:17,929 - INFO - 发现 2 个xlsx文件
2026-01-23 16:50:27,952 - INFO - 发现 2 个xlsx文件
2026-01-23 16:50:37,963 - INFO - 发现 2 个xlsx文件
2026-01-23 16:50:47,977 - INFO - 发现 2 个xlsx文件
2026-01-23 16:50:58,001 - INFO - 发现 2 个xlsx文件
2026-01-23 16:51:08,013 - INFO - 发现 2 个xlsx文件
2026-01-23 16:51:18,022 - INFO - 发现 2 个xlsx文件
2026-01-23 16:51:28,045 - INFO - 发现 2 个xlsx文件
2026-01-23 16:51:38,054 - INFO - 发现 2 个xlsx文件
2026-01-23 16:51:48,075 - INFO - 发现 2 个xlsx文件
2026-01-23 16:51:58,097 - INFO - 发现 2 个xlsx文件
2026-01-23 16:52:08,121 - INFO - 发现 2 个xlsx文件
2026-01-23 16:52:18,130 - INFO - 发现 2 个xlsx文件
2026-01-23 16:52:28,139 - INFO - 发现 2 个xlsx文件
2026-01-23 16:52:38,147 - INFO - 发现 2 个xlsx文件
2026-01-23 16:52:48,156 - INFO - 发现 2 个xlsx文件
2026-01-23 16:52:58,166 - INFO - 发现 2 个xlsx文件
2026-01-23 16:53:08,172 - INFO - 发现 2 个xlsx文件
2026-01-23 16:53:18,177 - INFO - 发现 2 个xlsx文件
2026-01-23 16:53:28,184 - INFO - 发现 2 个xlsx文件
2026-01-23 16:53:38,191 - INFO - 发现 2 个xlsx文件
2026-01-23 16:53:48,199 - INFO - 发现 2 个xlsx文件
2026-01-23 16:53:58,207 - INFO - 发现 2 个xlsx文件
2026-01-23 16:54:08,214 - INFO - 发现 2 个xlsx文件
2026-01-23 16:54:18,221 - INFO - 发现 2 个xlsx文件
2026-01-23 16:54:28,228 - INFO - 发现 2 个xlsx文件
2026-01-23 16:54:38,254 - INFO - 发现 2 个xlsx文件
2026-01-23 16:54:48,266 - INFO - 发现 2 个xlsx文件
2026-01-23 16:54:58,279 - INFO - 发现 2 个xlsx文件
2026-01-23 16:55:08,296 - INFO - 发现 2 个xlsx文件
2026-01-23 16:55:18,304 - INFO - 发现 2 个xlsx文件
2026-01-23 16:55:28,312 - INFO - 发现 4 个xlsx文件
2026-01-23 16:55:28,313 - INFO - 开始转换文件: LG-Le\Orders\LG-le docteur 2026.1.21号  瑜伽裤报价新.xlsx
2026-01-23 16:55:28,389 - INFO -   发现 4 个sheet
2026-01-23 16:55:28,505 - INFO -   已添加SKU_Quotation列（从'SKU'列提取，位于SKU列右边）
2026-01-23 16:55:28,505 - WARNING -   未找到Order#列，跳过添加QTY_Merged列
2026-01-23 16:55:28,637 - INFO -   已保存为Excel格式（支持货币格式和公式）
2026-01-23 16:55:28,637 - INFO -   ✓ 已转换: LG-Le\Orders\LG-le_docteur_2026121号__瑜伽裤报价新_找货表.xlsx (21 行, 20 列)
2026-01-23 16:55:28,727 - INFO -   已添加SKU_Quotation列（从'SKU '列提取，位于SKU列右边）
2026-01-23 16:55:28,727 - WARNING -   未找到Order#列，跳过添加QTY_Merged列
2026-01-23 16:55:28,863 - INFO -   已保存为Excel格式（支持货币格式和公式）
2026-01-23 16:55:28,864 - INFO -   ✓ 已转换: LG-Le\Orders\LG-le_docteur_2026121号__瑜伽裤报价新_瑜伽裤报价表.xlsx (25 行, 26 列)
2026-01-23 16:55:28,967 - INFO -   已添加SKU_Quotation列（从'SKU '列提取，位于SKU列右边）
2026-01-23 16:55:28,967 - WARNING -   未找到Order#列，跳过添加QTY_Merged列
2026-01-23 16:55:29,106 - INFO -   已保存为Excel格式（支持货币格式和公式）
2026-01-23 16:55:29,106 - INFO -   ✓ 已转换: LG-Le\Orders\LG-le_docteur_2026121号__瑜伽裤报价新_upsell_报价表.xlsx (25 行, 26 列)
2026-01-23 16:55:29,161 - WARNING - 删除原文件失败（文件可能被占用），0.5秒后重试 (1/5): LG-Le\Orders\LG-le docteur 2026.1.21号  瑜伽裤报价新.xlsx
2026-01-23 16:55:29,662 - WARNING - 删除原文件失败（文件可能被占用），0.5秒后重试 (2/5): LG-Le\Orders\LG-le docteur 2026.1.21号  瑜伽裤报价新.xlsx
2026-01-23 16:55:30,163 - WARNING - 删除原文件失败（文件可能被占用），0.5秒后重试 (3/5): LG-Le\Orders\LG-le docteur 2026.1.21号  瑜伽裤报价新.xlsx
2026-01-23 16:55:30,663 - WARNING - 删除原文件失败（文件可能被占用），0.5秒后重试 (4/5): LG-Le\Orders\LG-le docteur 2026.1.21号  瑜伽裤报价新.xlsx
2026-01-23 16:55:31,166 - ERROR - 删除原文件失败（文件被占用，已重试5次）: LG-Le\Orders\LG-le docteur 2026.1.21号  瑜伽裤报价新.xlsx - [WinError 5] Access is denied: 'E:\\workspace\\OrderAutoGeneration\\docs\\sourceData\\LG-Le\\Orders\\LG-le docteur 2026.1.21号  瑜伽裤报价新.xlsx'
2026-01-23 16:55:31,167 - WARNING - ✓ 文件转换完成但删除失败: LG-Le\Orders\LG-le docteur 2026.1.21号  瑜伽裤报价新.xlsx -> 3 个CSV文件
2026-01-23 16:55:41,176 - INFO - 发现 4 个xlsx文件
2026-01-23 16:55:51,200 - INFO - 发现 4 个xlsx文件
2026-01-23 16:56:01,210 - INFO - 发现 4 个xlsx文件
2026-01-23 16:56:11,217 - INFO - 发现 4 个xlsx文件
2026-01-23 16:56:21,229 - INFO - 发现 4 个xlsx文件
2026-01-23 16:56:31,239 - INFO - 发现 4 个xlsx文件
2026-01-23 16:56:41,247 - INFO - 发现 4 个xlsx文件
2026-01-23 16:56:51,267 - INFO - 发现 4 个xlsx文件
2026-01-23 16:57:01,287 - INFO - 发现 4 个xlsx文件
2026-01-23 16:57:11,297 - INFO - 发现 4 个xlsx文件
2026-01-23 16:57:21,307 - INFO - 发现 4 个xlsx文件
2026-01-23 16:57:31,316 - INFO - 发现 4 个xlsx文件
2026-01-23 16:57:41,340 - INFO - 发现 4 个xlsx文件
2026-01-23 16:57:51,365 - INFO - 发现 4 个xlsx文件
2026-01-23 16:58:01,373 - INFO - 发现 4 个xlsx文件
2026-01-23 16:58:11,380 - INFO - 发现 4 个xlsx文件
2026-01-23 16:58:21,394 - INFO - 发现 4 个xlsx文件
2026-01-23 16:58:31,415 - INFO - 发现 4 个xlsx文件
2026-01-23 16:58:41,434 - INFO - 发现 4 个xlsx文件
2026-01-23 16:58:51,443 - INFO - 发现 4 个xlsx文件
2026-01-23 16:59:01,452 - INFO - 发现 4 个xlsx文件
2026-01-23 16:59:11,460 - INFO - 发现 4 个xlsx文件
2026-01-23 16:59:21,467 - INFO - 发现 4 个xlsx文件
2026-01-23 16:59:31,472 - INFO - 发现 4 个xlsx文件
2026-01-23 16:59:41,481 - INFO - 发现 4 个xlsx文件
2026-01-23 16:59:51,496 - INFO - 发现 4 个xlsx文件
2026-01-23 17:00:01,520 - INFO - 发现 4 个xlsx文件
2026-01-23 17:00:11,540 - INFO - 发现 4 个xlsx文件
2026-01-23 17:00:21,550 - INFO - 发现 4 个xlsx文件
2026-01-23 17:00:31,567 - INFO - 发现 4 个xlsx文件
2026-01-23 17:00:41,588 - INFO - 发现 4 个xlsx文件
2026-01-23 17:00:51,600 - INFO - 发现 4 个xlsx文件
2026-01-23 17:01:03,007 - INFO - 发现 4 个xlsx文件
2026-01-23 17:01:13,067 - INFO - 发现 4 个xlsx文件
2026-01-23 17:01:23,073 - INFO - 发现 4 个xlsx文件
2026-01-23 17:01:33,082 - INFO - 发现 4 个xlsx文件
2026-01-23 17:01:43,102 - INFO - 发现 4 个xlsx文件
2026-01-23 17:01:53,196 - INFO - 发现 2 个xlsx文件
2026-01-23 17:02:03,217 - INFO - 发现 2 个xlsx文件
2026-01-23 17:02:13,234 - INFO - 发现 2 个xlsx文件
2026-01-23 17:02:23,240 - INFO - 发现 2 个xlsx文件
2026-01-23 17:02:33,246 - INFO - 发现 2 个xlsx文件
2026-01-23 17:02:43,253 - INFO - 发现 2 个xlsx文件
2026-01-23 17:02:53,260 - INFO - 发现 2 个xlsx文件
2026-01-23 17:03:03,267 - INFO - 发现 2 个xlsx文件
2026-01-23 17:03:13,279 - INFO - 发现 2 个xlsx文件
2026-01-23 17:03:23,295 - INFO - 发现 2 个xlsx文件
2026-01-23 17:03:33,307 - INFO - 发现 2 个xlsx文件
2026-01-23 17:03:43,316 - INFO - 发现 2 个xlsx文件
2026-01-23 17:03:53,339 - INFO - 发现 2 个xlsx文件
2026-01-23 17:04:03,363 - INFO - 发现 2 个xlsx文件
2026-01-23 17:04:13,378 - INFO - 发现 2 个xlsx文件
2026-01-23 17:04:23,389 - INFO - 发现 2 个xlsx文件
2026-01-23 17:04:33,397 - INFO - 发现 2 个xlsx文件
2026-01-23 17:04:43,417 - INFO - 发现 2 个xlsx文件
2026-01-23 17:04:53,430 - INFO - 发现 2 个xlsx文件
2026-01-23 17:05:03,437 - INFO - 发现 2 个xlsx文件
2026-01-23 17:05:13,448 - INFO - 发现 2 个xlsx文件
2026-01-23 17:05:23,468 - INFO - 发现 2 个xlsx文件
2026-01-23 17:05:33,477 - INFO - 发现 2 个xlsx文件
2026-01-23 17:05:43,484 - INFO - 发现 2 个xlsx文件
2026-01-23 17:05:53,491 - INFO - 发现 2 个xlsx文件
2026-01-23 17:06:03,501 - INFO - 发现 2 个xlsx文件
2026-01-23 17:06:13,511 - INFO - 发现 2 个xlsx文件
2026-01-23 17:06:23,522 - INFO - 发现 2 个xlsx文件
2026-01-23 17:06:33,531 - INFO - 发现 2 个xlsx文件
2026-01-23 17:06:43,541 - INFO - 发现 2 个xlsx文件
2026-01-23 17:06:53,546 - INFO - 发现 2 个xlsx文件
2026-01-23 17:07:03,557 - INFO - 发现 2 个xlsx文件
2026-01-23 17:07:13,568 - INFO - 发现 2 个xlsx文件
2026-01-23 17:07:23,577 - INFO - 发现 2 个xlsx文件
2026-01-23 17:07:33,589 - INFO - 发现 2 个xlsx文件
2026-01-23 17:07:43,611 - INFO - 发现 2 个xlsx文件
2026-01-23 17:07:53,622 - INFO - 发现 2 个xlsx文件
2026-01-23 17:08:03,631 - INFO - 发现 2 个xlsx文件
2026-01-23 17:08:13,637 - INFO - 发现 2 个xlsx文件
2026-01-23 17:08:23,656 - INFO - 发现 2 个xlsx文件
2026-01-23 17:08:33,678 - INFO - 发现 2 个xlsx文件
2026-01-23 17:08:43,707 - INFO - 发现 2 个xlsx文件
2026-01-23 17:08:53,712 - INFO - 发现 2 个xlsx文件
2026-01-23 17:09:03,718 - INFO - 发现 2 个xlsx文件
2026-01-23 17:09:13,728 - INFO - 发现 2 个xlsx文件
2026-01-23 17:09:23,734 - INFO - 发现 2 个xlsx文件
2026-01-23 17:09:33,740 - INFO - 发现 2 个xlsx文件
2026-01-23 17:09:43,747 - INFO - 发现 2 个xlsx文件
2026-01-23 17:09:53,754 - INFO - 发现 2 个xlsx文件
2026-01-23 17:10:03,760 - INFO - 发现 2 个xlsx文件
2026-01-23 17:10:13,769 - INFO - 发现 2 个xlsx文件
2026-01-23 17:10:23,776 - INFO - 发现 2 个xlsx文件
2026-01-23 17:10:33,785 - INFO - 发现 4 个xlsx文件
2026-01-23 17:10:33,786 - INFO - 开始转换文件: LG-Le\Orders\LG-le docteur 2026.1.21号  瑜伽裤报价新 - Copy.xlsx
2026-01-23 17:10:33,839 - INFO -   发现 4 个sheet
2026-01-23 17:10:33,929 - INFO -   已添加SKU_Quotation列（从'SKU'列提取，位于SKU列右边）
2026-01-23 17:10:33,929 - WARNING -   未找到Order#列，跳过添加QTY_Merged列
2026-01-23 17:10:34,057 - INFO -   已保存为Excel格式（支持货币格式和公式）
2026-01-23 17:10:34,057 - INFO -   ✓ 已转换: LG-Le\Orders\LG-le_docteur_2026121号__瑜伽裤报价新_-_Copy_找货表.xlsx (21 行, 20 列)
2026-01-23 17:10:34,154 - INFO -   已添加SKU_Quotation列（从'SKU '列提取，位于SKU列右边）
2026-01-23 17:10:34,155 - WARNING -   未找到Order#列，跳过添加QTY_Merged列
2026-01-23 17:10:34,296 - INFO -   已保存为Excel格式（支持货币格式和公式）
2026-01-23 17:10:34,297 - INFO -   ✓ 已转换: LG-Le\Orders\LG-le_docteur_2026121号__瑜伽裤报价新_-_Copy_瑜伽裤报价表.xlsx (25 行, 26 列)
2026-01-23 17:10:34,404 - INFO -   已添加SKU_Quotation列（从'SKU '列提取，位于SKU列右边）
2026-01-23 17:10:34,404 - WARNING -   未找到Order#列，跳过添加QTY_Merged列
2026-01-23 17:10:34,541 - INFO -   已保存为Excel格式（支持货币格式和公式）
2026-01-23 17:10:34,541 - INFO -   ✓ 已转换: LG-Le\Orders\LG-le_docteur_2026121号__瑜伽裤报价新_-_Copy_upsell_报价表.xlsx (25 行, 26 列)
2026-01-23 17:10:34,611 - WARNING - 删除原文件失败（文件可能被占用），0.5秒后重试 (1/5): LG-Le\Orders\LG-le docteur 2026.1.21号  瑜伽裤报价新 - Copy.xlsx
2026-01-23 17:10:35,112 - WARNING - 删除原文件失败（文件可能被占用），0.5秒后重试 (2/5): LG-Le\Orders\LG-le docteur 2026.1.21号  瑜伽裤报价新 - Copy.xlsx
2026-01-23 17:10:35,614 - WARNING - 删除原文件失败（文件可能被占用），0.5秒后重试 (3/5): LG-Le\Orders\LG-le docteur 2026.1.21号  瑜伽裤报价新 - Copy.xlsx
2026-01-23 17:10:36,115 - WARNING - 删除原文件失败（文件可能被占用），0.5秒后重试 (4/5): LG-Le\Orders\LG-le docteur 2026.1.21号  瑜伽裤报价新 - Copy.xlsx
2026-01-23 17:10:36,616 - ERROR - 删除原文件失败（文件被占用，已重试5次）: LG-Le\Orders\LG-le docteur 2026.1.21号  瑜伽裤报价新 - Copy.xlsx - [WinError 5] Access is denied: 'E:\\workspace\\OrderAutoGeneration\\docs\\sourceData\\LG-Le\\Orders\\LG-le docteur 2026.1.21号  瑜伽裤报价新 - Copy.xlsx'
2026-01-23 17:10:36,617 - WARNING - ✓ 文件转换完成但删除失败: LG-Le\Orders\LG-le docteur 2026.1.21号  瑜伽裤报价新 - Copy.xlsx -> 3 个CSV文件
2026-01-23 17:11:16,643 - INFO - 发现 2 个xlsx文件
2026-01-23 17:11:16,654 - INFO - 开始转换文件: LG-Le\Orders\LG-Lｅ　Ceralia(瑜伽裤）-2　Jan22th tracking &cost.xlsx
2026-01-23 17:11:16,664 - INFO -   发现 1 个sheet
2026-01-23 17:11:16,909 - INFO -   已添加SKU_Quotation列（从'商品SKU'列提取，位于SKU列右边）
2026-01-23 17:11:17,145 - INFO -   已添加QTY_Merged列（按Order#和SKU_Quotation分组累加QTY，位于QTY列右边）
2026-01-23 17:11:17,146 - INFO -   查找报价表文件，目录: E:\workspace\OrderAutoGeneration\docs\convertedData\LG-Le\Quotation
2026-01-23 17:11:17,146 - INFO -   目录是否存在: True
2026-01-23 17:11:17,147 - INFO -   目录下所有CSV文件: ['LG-le_docteur_2026121号__瑜伽裤报价新_upsell_报价表.csv', 'LG-le_docteur_2026121号__瑜伽裤报价新_找货表.csv', 'LG-le_docteur_2026121号__瑜伽裤报价新_瑜伽裤报价表.csv']
2026-01-23 17:11:17,147 - INFO -   匹配'*报价表.csv'的文件: ['LG-le_docteur_2026121号__瑜伽裤报价新_upsell_报价表.csv', 'LG-le_docteur_2026121号__瑜伽裤报价新_瑜伽裤报价表.csv']
2026-01-23 17:11:17,147 - INFO -   过滤后（不含upsell）的报价表文件: ['LG-le_docteur_2026121号__瑜伽裤报价新_瑜伽裤报价表.csv']
2026-01-23 17:11:17,151 - INFO -   已加载报价表文件: LG-le_docteur_2026121号__瑜伽裤报价新_瑜伽裤报价表.csv (共25行)
2026-01-23 17:11:17,151 - INFO -   匹配upsell报价表文件: ['LG-le_docteur_2026121号__瑜伽裤报价新_upsell_报价表.csv']
2026-01-23 17:11:17,155 - INFO -   已加载upsell报价表文件: LG-le_docteur_2026121号__瑜伽裤报价新_upsell_报价表.csv (共25行)
2026-01-23 17:11:17,715 - INFO -   已添加sum行，公式: =SUM(K2:K295)+SUM(L2:L295)
2026-01-23 17:11:17,716 - INFO -   已添加cost和upsell列（位于Country列左边），并在最后一行添加sum行（使用公式计算）
2026-01-23 17:11:18,036 - INFO -   已保存为Excel格式（支持货币格式和公式）
2026-01-23 17:11:18,037 - INFO -   ✓ 已转换: LG-Le\Orders\LG-LｅCeralia瑜伽裤）-2Jan22th_tracking_cost_order_.xlsx (294 行, 22 列)
2026-01-23 17:11:18,114 - INFO - ✓ 已删除原文件: LG-Le\Orders\LG-Lｅ　Ceralia(瑜伽裤）-2　Jan22th tracking &cost.xlsx
2026-01-23 17:11:18,114 - INFO - ✓ 文件转换完成并已删除: LG-Le\Orders\LG-Lｅ　Ceralia(瑜伽裤）-2　Jan22th tracking &cost.xlsx -> 1 个CSV文件
2026-01-23 17:11:18,115 - WARNING - 文件不存在: E:\workspace\OrderAutoGeneration\docs\sourceData\LG-Le\Orders\LG-Lｅ　Ceralia(瑜伽裤）-2　Jan22th tracking &cost.xlsx
